NumRooms,Area,YearBuilt,Price,Bedrooms,Bathrooms,Alley,HouseStyle,Heating,GarageType,HasPool,HasFireplace
3.0,,1952.0,205344,3.0,2.0,Pave,1Story,GasW,BuiltIn,1.0,0.0
,71.0,2007.0,273564,2.0,1.5,nan,Twnhs,GasA,Detchd,0.0,0.0
5.0,121.0,2004.0,97153,3.0,2.0,Pave,2Story,Electric,nan,0.0,0.0
4.0,139.0,1953.0,158042,4.0,1.0,nan,2Story,GasW,nan,0.0,0.0
3.0,142.0,1973.0,104110,3.0,1.0,nan,1Story,GasA,Detchd,0.0,0.0
3.0,67.0,1983.0,195051,2.0,2.0,Pave,nan,GasW,Attchd,0.0,1.0
2.0,140.0,1979.0,291131,3.0,1.5,nan,2Story,GasW,Detchd,0.0,
6.0,177.0,1968.0,289173,4.0,2.0,Pave,1Story,GasA,Detchd,,0.0
4.0,84.0,1980.0,78328,2.0,1.5,Pave,2Story,GasA,Detchd,1.0,1.0
5.0,148.0,,162911,4.0,2.5,Pave,2Story,GasA,Detchd,0.0,1.0
2.0,71.0,2009.0,325011,4.0,,Grvl,2Story,GasA,Detchd,0.0,0.0
,118.0,1968.0,109234,3.0,2.5,nan,Split,GasA,Attchd,0.0,0.0
5.0,168.0,1998.0,337995,,1.5,nan,2Story,GasA,Attchd,0.0,1.0
3.0,85.0,2012.0,343423,4.0,1.0,Grvl,nan,GasA,Detchd,,1.0
3.0,106.0,1971.0,298503,4.0,1.5,nan,1Story,GasW,Attchd,1.0,0.0
3.0,91.0,1973.0,277135,3.0,1.0,Pave,1Story,GasW,Attchd,1.0,1.0
3.0,69.0,1979.0,123402,2.0,1.0,nan,1Story,GasW,Attchd,0.0,
4.0,75.0,2007.0,327593,2.0,2.0,Pave,2Story,GasW,Detchd,,0.0
3.0,85.0,1980.0,388365,3.0,2.0,Pave,2Story,Electric,Attchd,0.0,0.0
3.0,145.0,2013.0,401224,2.0,,Pave,nan,GasW,nan,0.0,0.0
4.0,194.0,1968.0,55451,3.0,1.5,Pave,Split,GasW,Detchd,1.0,1.0
2.0,73.0,1997.0,137178,4.0,1.5,nan,2Story,GasA,Detchd,,0.0
3.0,,1994.0,484532,4.0,1.0,nan,nan,Electric,BuiltIn,0.0,1.0
3.0,176.0,2004.0,375905,3.0,,Pave,1Story,GasA,Attchd,0.0,0.0
4.0,66.0,2004.0,286562,4.0,2.0,nan,Twnhs,GasA,Detchd,0.0,0.0
5.0,,1967.0,351014,4.0,2.5,nan,2Story,GasW,nan,1.0,1.0
3.0,174.0,2012.0,408710,3.0,,nan,2Story,GasA,BuiltIn,0.0,0.0
4.0,131.0,1996.0,435893,2.0,2.0,Pave,Split,GasA,nan,0.0,0.0
4.0,118.0,2006.0,173765,3.0,1.5,Grvl,2Story,GasW,BuiltIn,1.0,0.0
2.0,141.0,1994.0,437025,3.0,1.5,nan,1Story,GasW,Attchd,0.0,
4.0,175.0,1982.0,474089,3.0,2.0,nan,2Story,GasW,Attchd,0.0,0.0
3.0,162.0,1966.0,178389,3.0,1.5,Grvl,2Story,Electric,Detchd,0.0,0.0
2.0,76.0,2019.0,239699,2.0,1.5,Pave,Twnhs,GasA,Attchd,0.0,0.0
,73.0,1953.0,247227,3.0,,Pave,2Story,GasA,Attchd,0.0,0.0
,167.0,1969.0,337516,4.0,,nan,nan,GasW,nan,0.0,0.0
5.0,104.0,1996.0,315786,3.0,2.0,nan,2Story,GasA,Attchd,0.0,1.0
3.0,157.0,,310220,,2.0,Pave,2Story,GasW,Attchd,0.0,
2.0,,2019.0,471217,4.0,2.0,nan,Split,GasA,nan,0.0,0.0
4.0,96.0,1996.0,346208,,1.0,nan,2Story,GasA,nan,1.0,0.0
3.0,167.0,1958.0,275898,,1.0,nan,nan,GasW,Attchd,0.0,0.0
2.0,98.0,1965.0,326266,4.0,2.0,nan,2Story,GasW,nan,1.0,0.0
4.0,74.0,2018.0,468036,3.0,2.0,nan,2Story,GasW,nan,1.0,0.0
2.0,179.0,2010.0,118431,1.0,1.0,Grvl,1Story,GasA,Detchd,0.0,0.0
,,1959.0,105745,3.0,,nan,2Story,GasA,Attchd,1.0,1.0
3.0,152.0,1999.0,100081,3.0,1.0,Pave,1Story,GasA,Attchd,0.0,1.0
4.0,,1952.0,451927,2.0,1.5,Pave,Split,GasA,Detchd,1.0,
3.0,167.0,2019.0,266204,2.0,2.0,Pave,1Story,GasA,Attchd,0.0,0.0
4.0,185.0,2000.0,462009,,1.0,Pave,1Story,GasA,nan,1.0,
4.0,,1968.0,451415,4.0,1.0,Pave,1Story,GasW,BuiltIn,1.0,1.0
3.0,93.0,1991.0,126253,4.0,1.5,Pave,1Story,GasA,BuiltIn,0.0,1.0
,72.0,1984.0,348335,3.0,2.0,nan,1Story,GasW,nan,,1.0
5.0,77.0,1995.0,322355,1.0,1.5,Pave,nan,Electric,nan,0.0,0.0
,155.0,1975.0,161086,2.0,2.0,nan,Split,GasA,Attchd,0.0,0.0
6.0,182.0,2018.0,499962,2.0,2.0,Pave,Split,GasA,Attchd,0.0,1.0
4.0,98.0,2013.0,464758,1.0,1.0,nan,Split,GasA,BuiltIn,0.0,0.0
,105.0,1986.0,474528,1.0,,nan,1Story,GasW,Attchd,1.0,0.0
2.0,88.0,1998.0,488458,,1.0,Pave,nan,GasA,Detchd,0.0,1.0
3.0,,1970.0,414115,3.0,,nan,1Story,GasA,Detchd,0.0,0.0
2.0,75.0,2013.0,143783,2.0,2.0,nan,1Story,GasW,nan,0.0,0.0
3.0,180.0,1954.0,175681,2.0,,nan,2Story,GasA,Detchd,,1.0
3.0,69.0,2019.0,137893,3.0,1.0,nan,1Story,GasW,BuiltIn,1.0,1.0
3.0,162.0,1953.0,498604,1.0,1.5,nan,Split,GasW,Attchd,,0.0
5.0,143.0,1988.0,208763,,1.0,nan,1Story,GasW,Detchd,0.0,0.0
3.0,192.0,1984.0,127960,3.0,1.0,Grvl,Split,GasA,Attchd,0.0,0.0
3.0,124.0,1950.0,396532,3.0,2.0,Pave,2Story,Electric,nan,1.0,0.0
4.0,62.0,1973.0,72601,3.0,1.5,nan,1Story,GasW,Attchd,0.0,1.0
2.0,179.0,2006.0,461236,2.0,2.0,Grvl,Split,GasA,BuiltIn,,
5.0,127.0,2019.0,189227,3.0,1.0,Grvl,1Story,GasA,Attchd,0.0,
2.0,96.0,1990.0,250191,3.0,1.5,Pave,2Story,GasA,Attchd,0.0,0.0
,132.0,2003.0,217849,3.0,2.0,Grvl,1Story,Electric,Detchd,,
5.0,108.0,1995.0,331854,2.0,1.5,nan,2Story,Electric,Detchd,0.0,0.0
3.0,180.0,2009.0,420858,3.0,2.0,Pave,2Story,GasW,Attchd,0.0,0.0
2.0,147.0,2009.0,205604,3.0,2.0,Grvl,1Story,Electric,Attchd,0.0,0.0
5.0,199.0,2006.0,178727,4.0,2.5,nan,nan,GasA,BuiltIn,0.0,0.0
5.0,96.0,1980.0,461817,3.0,1.5,nan,nan,GasA,Detchd,0.0,1.0
5.0,120.0,1973.0,113227,3.0,2.0,Grvl,Split,nan,Attchd,0.0,0.0
5.0,183.0,1985.0,186039,3.0,,Grvl,Split,GasW,BuiltIn,0.0,
2.0,98.0,,134289,3.0,2.0,nan,1Story,GasA,Attchd,0.0,0.0
3.0,122.0,1973.0,201094,3.0,1.5,nan,2Story,GasW,Detchd,1.0,0.0
2.0,105.0,1979.0,486679,3.0,2.0,Pave,1Story,nan,Attchd,,1.0
6.0,147.0,1956.0,255743,3.0,2.0,Pave,1Story,GasW,Detchd,1.0,1.0
4.0,,1984.0,317866,4.0,2.0,Grvl,nan,Electric,Attchd,0.0,1.0
3.0,121.0,2004.0,208485,3.0,1.0,Pave,2Story,GasW,nan,0.0,0.0
2.0,136.0,1963.0,393194,,1.0,Pave,2Story,GasA,Attchd,0.0,
3.0,111.0,,283820,3.0,2.5,nan,1Story,Electric,Attchd,0.0,1.0
3.0,63.0,1965.0,286994,,1.5,Pave,2Story,GasA,Attchd,0.0,1.0
5.0,118.0,2003.0,395740,4.0,2.0,nan,1Story,Electric,nan,,0.0
4.0,131.0,2019.0,378876,3.0,1.5,Pave,1Story,GasA,Detchd,0.0,1.0
6.0,152.0,1993.0,455513,4.0,2.0,nan,1Story,GasW,BuiltIn,0.0,
4.0,122.0,2022.0,118323,2.0,1.0,nan,2Story,GasA,nan,0.0,0.0
2.0,113.0,1994.0,335960,,1.0,Pave,2Story,GasA,nan,1.0,1.0
5.0,176.0,2005.0,90695,3.0,,nan,1Story,GasA,BuiltIn,0.0,1.0
5.0,169.0,2006.0,462918,2.0,2.5,Pave,Split,nan,Attchd,0.0,1.0
4.0,133.0,1970.0,468458,3.0,2.0,nan,1Story,nan,nan,0.0,0.0
5.0,,2017.0,105841,,1.5,nan,2Story,GasA,Attchd,,1.0
4.0,116.0,1999.0,440642,2.0,2.0,Grvl,nan,nan,BuiltIn,1.0,0.0
4.0,62.0,1982.0,248784,3.0,2.0,Grvl,2Story,Electric,Detchd,0.0,0.0
3.0,179.0,1956.0,157096,3.0,2.0,Grvl,nan,GasW,BuiltIn,0.0,1.0
2.0,65.0,2019.0,142764,4.0,1.0,nan,nan,GasA,Detchd,0.0,1.0
2.0,64.0,1964.0,496790,3.0,2.0,Grvl,2Story,nan,Detchd,0.0,0.0
2.0,64.0,1981.0,135744,2.0,2.0,Pave,Split,GasW,nan,0.0,0.0
4.0,113.0,1969.0,340626,1.0,,Grvl,nan,Electric,Attchd,0.0,
3.0,106.0,1964.0,59171,3.0,1.0,Pave,1Story,Electric,Attchd,0.0,1.0
4.0,68.0,1997.0,150755,3.0,2.0,nan,1Story,Electric,Detchd,0.0,1.0
,158.0,2020.0,158125,,2.0,Pave,nan,GasW,nan,0.0,1.0
3.0,79.0,1970.0,442866,2.0,1.5,nan,Split,GasA,Attchd,0.0,0.0
3.0,181.0,1991.0,418226,3.0,1.0,Pave,1Story,GasA,Attchd,0.0,0.0
5.0,120.0,1975.0,53696,1.0,1.5,Pave,2Story,GasA,Attchd,0.0,0.0
3.0,,,176310,2.0,1.5,nan,Split,GasA,Attchd,0.0,0.0
2.0,141.0,2006.0,463274,3.0,1.5,nan,2Story,GasW,nan,0.0,1.0
3.0,121.0,1986.0,201385,3.0,2.0,nan,2Story,GasW,BuiltIn,0.0,0.0
3.0,62.0,2007.0,331293,3.0,2.0,Pave,Split,Electric,Detchd,0.0,
,72.0,1970.0,442208,,2.0,Pave,2Story,GasA,Detchd,0.0,0.0
5.0,179.0,2018.0,365665,3.0,,nan,2Story,GasW,BuiltIn,1.0,0.0
4.0,184.0,1952.0,95740,,1.5,Grvl,Split,GasA,Attchd,0.0,
6.0,148.0,1986.0,156611,4.0,1.5,Pave,Split,GasA,Attchd,0.0,0.0
5.0,,1998.0,448172,3.0,2.0,nan,2Story,GasA,Detchd,0.0,0.0
3.0,127.0,1968.0,298922,4.0,1.0,nan,1Story,GasW,Attchd,0.0,1.0
6.0,160.0,1961.0,378785,3.0,1.5,nan,2Story,GasA,Detchd,1.0,0.0
4.0,,2010.0,113811,2.0,1.5,nan,nan,GasW,Attchd,0.0,1.0
5.0,,1990.0,495376,3.0,1.0,nan,1Story,GasA,Attchd,0.0,0.0
6.0,164.0,1982.0,232385,2.0,2.5,Pave,1Story,Electric,Attchd,1.0,1.0
3.0,126.0,1999.0,113232,3.0,1.5,Pave,2Story,Electric,BuiltIn,1.0,0.0
2.0,182.0,2017.0,327561,3.0,1.5,nan,Twnhs,nan,Attchd,0.0,0.0
3.0,88.0,2020.0,205801,2.0,1.0,nan,1Story,Electric,nan,0.0,0.0
3.0,196.0,1982.0,162492,2.0,2.0,Grvl,1Story,nan,Attchd,0.0,1.0
5.0,135.0,1973.0,80099,,1.5,Grvl,1Story,Electric,BuiltIn,0.0,1.0
6.0,68.0,2010.0,279206,3.0,2.0,Grvl,Split,GasW,nan,0.0,0.0
2.0,99.0,2010.0,473177,2.0,1.5,nan,1Story,GasA,nan,0.0,0.0
4.0,84.0,1977.0,455818,3.0,1.0,Pave,1Story,GasA,nan,0.0,0.0
3.0,,2007.0,168474,3.0,2.0,Pave,2Story,GasA,Attchd,0.0,0.0
3.0,198.0,1992.0,321400,3.0,1.0,nan,nan,GasW,Attchd,0.0,0.0
2.0,183.0,1990.0,293588,,1.5,nan,2Story,GasW,Detchd,0.0,0.0
3.0,97.0,1988.0,84681,3.0,1.5,Pave,1Story,Electric,Attchd,1.0,0.0
,131.0,1998.0,141328,3.0,,nan,2Story,nan,Attchd,0.0,0.0
3.0,192.0,1966.0,268512,4.0,1.0,nan,nan,GasA,nan,0.0,0.0
4.0,149.0,2019.0,355505,4.0,2.0,Grvl,2Story,GasW,Detchd,1.0,1.0
5.0,96.0,2019.0,84540,2.0,1.0,Pave,nan,nan,Detchd,,1.0
3.0,119.0,2014.0,207608,2.0,1.5,Grvl,Twnhs,GasA,nan,,0.0
,87.0,1954.0,134700,2.0,1.5,Pave,1Story,GasW,Detchd,0.0,1.0
,140.0,1951.0,390676,3.0,,nan,2Story,GasA,Detchd,,0.0
3.0,173.0,1971.0,237647,3.0,1.5,Pave,1Story,GasW,BuiltIn,0.0,0.0
4.0,,2006.0,439770,3.0,1.0,nan,2Story,GasA,Attchd,1.0,
3.0,104.0,2015.0,446087,,1.5,Pave,1Story,Electric,Attchd,1.0,0.0
3.0,121.0,1965.0,96002,4.0,1.0,Grvl,1Story,GasW,nan,0.0,1.0
2.0,152.0,2000.0,99812,2.0,1.0,nan,nan,GasA,nan,1.0,1.0
4.0,174.0,1988.0,465842,2.0,2.0,Pave,1Story,GasA,nan,,0.0
4.0,,1989.0,241051,3.0,1.0,Grvl,nan,GasA,Detchd,0.0,1.0
2.0,115.0,1987.0,307906,3.0,1.0,Pave,1Story,nan,nan,0.0,0.0
3.0,,2009.0,158946,3.0,2.0,Grvl,1Story,GasW,Attchd,0.0,0.0
,157.0,2008.0,116668,4.0,1.5,nan,nan,GasA,Attchd,0.0,0.0
3.0,99.0,1959.0,149003,2.0,1.0,Grvl,2Story,GasA,Detchd,0.0,0.0
2.0,150.0,2013.0,261142,3.0,1.5,nan,Split,GasW,Detchd,0.0,0.0
4.0,,2012.0,270462,4.0,2.0,nan,1Story,GasW,Attchd,0.0,
,65.0,1998.0,355142,3.0,1.5,Grvl,2Story,GasW,Attchd,0.0,1.0
3.0,139.0,2013.0,244886,2.0,1.5,Pave,Split,GasA,Attchd,0.0,
4.0,151.0,1981.0,154601,3.0,1.0,Grvl,2Story,GasW,Detchd,0.0,0.0
5.0,156.0,1956.0,488823,2.0,2.0,nan,2Story,GasW,BuiltIn,,
3.0,118.0,1970.0,319956,,1.5,Pave,nan,nan,Detchd,0.0,1.0
5.0,118.0,1969.0,111844,2.0,2.0,nan,2Story,nan,Attchd,0.0,1.0
3.0,,1975.0,251165,3.0,2.5,Pave,nan,GasW,Detchd,0.0,0.0
4.0,72.0,2017.0,445395,3.0,2.0,nan,Split,GasW,Detchd,0.0,
4.0,166.0,1964.0,224870,,1.5,Pave,Split,GasA,Detchd,,0.0
4.0,104.0,1963.0,124601,2.0,1.5,nan,1Story,Electric,Attchd,0.0,0.0
2.0,148.0,1976.0,451491,2.0,1.5,Grvl,1Story,GasA,Detchd,0.0,
5.0,159.0,1989.0,493790,1.0,1.0,Pave,nan,GasA,nan,0.0,1.0
3.0,66.0,2007.0,360001,2.0,1.0,Pave,1Story,GasA,Attchd,,0.0
3.0,192.0,1977.0,437699,2.0,2.0,Grvl,1Story,Electric,Attchd,0.0,
2.0,,1975.0,332844,3.0,1.5,nan,1Story,GasA,Detchd,0.0,0.0
4.0,117.0,2012.0,307927,2.0,1.5,Pave,1Story,GasA,Detchd,0.0,0.0
4.0,90.0,2015.0,482680,1.0,2.0,Pave,nan,GasA,Attchd,1.0,0.0
2.0,82.0,1974.0,223423,4.0,2.0,nan,nan,GasA,Attchd,0.0,0.0
4.0,197.0,1952.0,143330,3.0,1.0,Grvl,2Story,GasA,Attchd,0.0,1.0
3.0,166.0,2021.0,275391,3.0,2.5,nan,1Story,Electric,nan,0.0,
4.0,98.0,1993.0,263606,2.0,1.0,nan,Split,Electric,BuiltIn,1.0,0.0
3.0,141.0,1991.0,457085,,2.0,Pave,2Story,GasA,Detchd,1.0,0.0
4.0,159.0,1955.0,241387,2.0,2.0,nan,nan,Electric,nan,0.0,0.0
3.0,61.0,1988.0,291133,4.0,2.0,Grvl,2Story,GasW,Attchd,0.0,1.0
,136.0,2001.0,464170,4.0,2.0,Pave,1Story,GasA,nan,0.0,1.0
2.0,71.0,1972.0,212627,2.0,1.0,nan,2Story,GasW,Detchd,0.0,0.0
3.0,98.0,1999.0,375497,,1.5,nan,nan,nan,Attchd,1.0,0.0
2.0,72.0,1992.0,488242,2.0,2.0,Grvl,2Story,GasA,nan,0.0,0.0
,105.0,1968.0,412916,2.0,1.5,nan,2Story,GasA,nan,0.0,0.0
6.0,172.0,2018.0,228048,4.0,2.5,Pave,1Story,nan,nan,0.0,0.0
3.0,76.0,2000.0,403646,3.0,1.5,Grvl,Split,GasW,Attchd,0.0,1.0
4.0,163.0,1960.0,426087,3.0,1.5,nan,Split,GasA,nan,1.0,0.0
5.0,157.0,1961.0,421994,2.0,1.5,Pave,1Story,GasW,nan,0.0,0.0
4.0,147.0,1957.0,95095,3.0,1.5,Grvl,2Story,GasW,Attchd,0.0,0.0
4.0,168.0,1973.0,195342,4.0,2.0,nan,1Story,Electric,Attchd,0.0,1.0
3.0,129.0,1990.0,211980,2.0,2.0,nan,1Story,GasW,Attchd,,0.0
2.0,133.0,1985.0,327667,2.0,2.0,Grvl,1Story,GasA,nan,0.0,1.0
6.0,122.0,2021.0,112433,1.0,2.5,nan,1Story,GasW,Detchd,0.0,0.0
,119.0,,490284,2.0,2.5,nan,2Story,GasW,Attchd,0.0,0.0
4.0,138.0,1958.0,69991,4.0,2.5,nan,1Story,GasA,Attchd,0.0,1.0
3.0,96.0,1996.0,322919,3.0,1.0,nan,1Story,GasW,Attchd,0.0,0.0
3.0,81.0,1964.0,397139,,2.0,Pave,nan,Electric,Detchd,,0.0
5.0,155.0,1997.0,197745,3.0,1.5,Grvl,2Story,GasA,Detchd,0.0,1.0
6.0,127.0,1991.0,172808,3.0,1.0,Grvl,2Story,GasW,nan,0.0,1.0
6.0,76.0,2009.0,208128,2.0,2.0,nan,2Story,GasA,Detchd,0.0,
5.0,71.0,2019.0,187686,3.0,1.5,nan,2Story,GasA,BuiltIn,0.0,0.0
4.0,197.0,1961.0,57415,2.0,1.0,nan,1Story,GasA,Attchd,0.0,
2.0,177.0,1951.0,296038,2.0,1.0,nan,Twnhs,GasA,Attchd,1.0,0.0
3.0,81.0,1956.0,487100,3.0,1.0,Pave,1Story,Electric,Detchd,0.0,0.0
6.0,179.0,1952.0,460180,,,Pave,2Story,GasA,Attchd,0.0,0.0
4.0,109.0,1952.0,480942,3.0,1.0,Grvl,1Story,GasW,Attchd,0.0,0.0
2.0,73.0,1976.0,304205,2.0,1.5,Grvl,Split,GasA,nan,0.0,1.0
2.0,88.0,1989.0,349188,1.0,1.5,Pave,2Story,nan,Detchd,,0.0
4.0,184.0,1982.0,238221,2.0,1.5,Pave,2Story,GasW,Attchd,0.0,0.0
2.0,66.0,1950.0,218616,3.0,,nan,1Story,GasW,Attchd,0.0,1.0
3.0,88.0,1957.0,99976,4.0,1.0,nan,2Story,GasA,Attchd,0.0,1.0
4.0,198.0,1981.0,475468,,2.0,nan,nan,GasA,nan,0.0,1.0
4.0,92.0,1997.0,315976,1.0,2.0,nan,Twnhs,GasA,Attchd,0.0,0.0
4.0,193.0,1953.0,271883,3.0,,Pave,1Story,nan,Attchd,0.0,0.0
3.0,170.0,2019.0,261509,3.0,2.0,nan,1Story,GasA,Detchd,0.0,
5.0,,1968.0,346292,3.0,2.5,nan,nan,GasW,Attchd,0.0,1.0
3.0,,1981.0,289241,3.0,1.0,nan,2Story,GasW,Attchd,,1.0
3.0,85.0,1958.0,269526,3.0,1.5,Pave,2Story,GasA,Attchd,0.0,0.0
5.0,88.0,1961.0,424374,3.0,1.5,Pave,nan,GasW,Attchd,0.0,
4.0,63.0,1960.0,397220,2.0,2.5,Pave,nan,GasW,Attchd,1.0,1.0
5.0,158.0,1995.0,496675,4.0,1.0,nan,2Story,GasW,Attchd,0.0,0.0
4.0,98.0,1965.0,350546,2.0,1.0,nan,2Story,GasA,nan,0.0,0.0
4.0,74.0,1950.0,238799,3.0,1.5,nan,1Story,GasA,Attchd,1.0,1.0
2.0,178.0,2012.0,88578,3.0,1.0,Grvl,Split,GasA,BuiltIn,0.0,0.0
3.0,88.0,1970.0,140453,3.0,1.0,nan,1Story,Electric,BuiltIn,0.0,1.0
3.0,134.0,1979.0,465534,,,nan,1Story,GasW,Detchd,0.0,
3.0,175.0,1962.0,387859,4.0,1.5,Pave,1Story,GasA,Attchd,0.0,0.0
,91.0,1983.0,258859,4.0,2.0,Grvl,1Story,nan,Attchd,0.0,0.0
3.0,,1953.0,161435,3.0,2.0,nan,2Story,GasA,BuiltIn,0.0,0.0
6.0,143.0,,266101,3.0,1.5,Grvl,2Story,Electric,Detchd,0.0,0.0
4.0,81.0,,201538,3.0,1.0,nan,2Story,nan,Detchd,0.0,0.0
5.0,86.0,,407886,4.0,1.5,nan,1Story,Electric,Attchd,0.0,1.0
4.0,140.0,2018.0,95475,3.0,1.5,nan,nan,Electric,nan,,0.0
4.0,185.0,1974.0,372286,,2.0,nan,1Story,GasA,Attchd,1.0,1.0
4.0,151.0,1952.0,266232,,1.5,nan,Split,GasA,Attchd,1.0,0.0
3.0,80.0,2017.0,207636,3.0,1.0,nan,nan,GasW,Detchd,0.0,1.0
5.0,106.0,1974.0,203484,2.0,2.0,Grvl,2Story,GasA,Attchd,,0.0
3.0,160.0,1969.0,143526,2.0,,Pave,2Story,GasA,Detchd,0.0,1.0
2.0,143.0,1983.0,101001,4.0,2.5,Grvl,nan,GasW,BuiltIn,0.0,
4.0,65.0,1975.0,369793,2.0,2.5,nan,1Story,GasA,nan,0.0,0.0
3.0,190.0,1954.0,242029,4.0,2.0,Pave,2Story,nan,nan,0.0,0.0
,,2010.0,478733,3.0,1.5,Pave,2Story,Electric,Detchd,0.0,
,117.0,1958.0,194228,3.0,2.0,Pave,1Story,Electric,Detchd,0.0,0.0
,183.0,1999.0,466280,,1.0,nan,Twnhs,GasW,Attchd,1.0,
3.0,74.0,1955.0,75711,3.0,2.0,nan,nan,Electric,Detchd,0.0,1.0
2.0,123.0,2009.0,80106,3.0,2.0,nan,Split,Electric,Attchd,0.0,0.0
,84.0,1993.0,377602,3.0,1.0,Grvl,1Story,GasW,Attchd,,0.0
3.0,83.0,1960.0,459805,3.0,2.0,nan,1Story,GasA,Attchd,0.0,
,71.0,2015.0,442573,4.0,,nan,2Story,Electric,Detchd,0.0,1.0
,77.0,1996.0,267583,2.0,1.5,nan,1Story,Electric,Detchd,0.0,
6.0,74.0,2022.0,413898,,2.5,nan,2Story,GasA,nan,,0.0
3.0,86.0,,188286,4.0,1.0,Pave,2Story,GasA,Attchd,,0.0
3.0,131.0,1979.0,277189,2.0,2.0,nan,2Story,GasW,nan,0.0,0.0
6.0,119.0,1970.0,176479,3.0,1.5,Grvl,2Story,GasA,BuiltIn,0.0,1.0
3.0,152.0,,470343,3.0,2.0,Grvl,2Story,nan,Detchd,0.0,
3.0,112.0,2011.0,186213,2.0,,nan,1Story,nan,Detchd,,
4.0,67.0,1982.0,78884,,2.5,Grvl,1Story,GasA,Attchd,0.0,0.0
,138.0,1984.0,314852,1.0,2.0,Pave,2Story,GasW,nan,0.0,1.0
4.0,86.0,2001.0,330519,2.0,1.5,nan,2Story,GasA,Detchd,0.0,1.0
4.0,109.0,,65088,3.0,,Pave,Split,GasW,nan,,0.0
2.0,190.0,1990.0,369759,3.0,1.0,nan,Split,GasA,Detchd,0.0,1.0
4.0,152.0,,422282,3.0,2.5,nan,nan,GasW,nan,0.0,0.0
,83.0,,226118,4.0,1.5,nan,1Story,GasA,BuiltIn,0.0,0.0
2.0,119.0,,322158,3.0,1.0,nan,1Story,GasA,Attchd,0.0,0.0
4.0,181.0,2006.0,245497,3.0,2.0,nan,1Story,GasA,Attchd,0.0,1.0
6.0,190.0,1972.0,446489,2.0,1.5,nan,Split,GasA,Detchd,,0.0
5.0,105.0,1997.0,228207,3.0,1.5,nan,2Story,GasW,Detchd,,0.0
4.0,74.0,1971.0,414986,2.0,1.5,nan,Twnhs,GasA,Attchd,0.0,0.0
5.0,76.0,1966.0,474097,2.0,1.0,nan,2Story,GasW,nan,0.0,0.0
3.0,185.0,2018.0,128077,3.0,1.0,nan,nan,Electric,Detchd,0.0,0.0
3.0,143.0,1960.0,189784,2.0,1.0,Pave,nan,Electric,nan,,0.0
5.0,68.0,1964.0,255776,2.0,1.5,Grvl,1Story,Electric,nan,0.0,0.0
5.0,122.0,1984.0,365018,2.0,1.0,nan,2Story,nan,Detchd,0.0,0.0
6.0,,1982.0,119087,,2.0,Grvl,2Story,GasA,nan,,
,189.0,1965.0,324441,,1.5,Pave,1Story,GasA,Detchd,0.0,0.0
4.0,147.0,1983.0,290341,3.0,,nan,2Story,GasW,nan,0.0,0.0
4.0,131.0,2015.0,339272,,2.5,Pave,2Story,Electric,Attchd,0.0,1.0
5.0,198.0,1989.0,118368,4.0,1.5,Pave,1Story,nan,Attchd,0.0,0.0
4.0,123.0,1977.0,269571,3.0,2.0,nan,2Story,GasA,Detchd,0.0,0.0
5.0,131.0,1996.0,391102,1.0,2.5,nan,2Story,GasA,Detchd,1.0,1.0
5.0,80.0,1988.0,345064,4.0,,Pave,1Story,GasA,Detchd,0.0,0.0
6.0,77.0,2019.0,301514,3.0,2.0,nan,2Story,GasW,Detchd,0.0,1.0
3.0,123.0,2022.0,454372,3.0,1.0,nan,1Story,GasW,Attchd,0.0,0.0
3.0,141.0,1969.0,192180,4.0,2.0,Grvl,Split,GasA,nan,0.0,0.0
2.0,169.0,1950.0,475061,3.0,2.0,Pave,1Story,GasA,Detchd,,0.0
4.0,,2021.0,446016,3.0,2.0,nan,nan,GasW,Detchd,0.0,
2.0,91.0,2012.0,309904,,1.5,nan,2Story,GasW,Detchd,0.0,0.0
4.0,,2016.0,485928,3.0,2.5,nan,1Story,GasA,BuiltIn,0.0,0.0
4.0,104.0,1953.0,445826,3.0,,nan,2Story,Electric,nan,,0.0
3.0,92.0,2007.0,127603,3.0,1.5,nan,2Story,GasW,Detchd,0.0,
4.0,161.0,1974.0,83872,3.0,1.0,Pave,2Story,Electric,Attchd,0.0,0.0
2.0,195.0,1996.0,322872,4.0,1.0,nan,2Story,Electric,Detchd,,0.0
2.0,70.0,1987.0,407246,1.0,2.5,Grvl,2Story,GasA,Detchd,0.0,1.0
5.0,147.0,1964.0,434193,3.0,2.0,nan,1Story,GasA,nan,,0.0
3.0,100.0,2012.0,332727,2.0,2.0,nan,1Story,GasW,Attchd,,1.0
2.0,,1970.0,135774,3.0,1.5,Pave,Split,GasA,nan,,0.0
4.0,180.0,2006.0,450479,3.0,2.0,nan,2Story,Electric,Detchd,0.0,0.0
5.0,105.0,,438518,4.0,1.5,Grvl,1Story,GasW,nan,0.0,0.0
3.0,,1995.0,248522,2.0,1.5,Grvl,Twnhs,Electric,Attchd,,0.0
4.0,113.0,1963.0,270357,3.0,2.0,nan,1Story,GasA,nan,0.0,0.0
2.0,145.0,1966.0,462672,2.0,,Grvl,Split,GasA,nan,0.0,0.0
2.0,151.0,1988.0,403262,4.0,,nan,1Story,GasW,nan,0.0,0.0
4.0,156.0,1958.0,115942,,,Pave,1Story,GasA,Attchd,1.0,0.0
4.0,61.0,1955.0,63689,,1.5,nan,nan,GasW,Attchd,0.0,1.0
4.0,92.0,1972.0,476150,4.0,1.5,nan,1Story,Electric,Detchd,0.0,1.0
5.0,136.0,2008.0,83276,4.0,2.0,nan,Split,GasA,Attchd,0.0,0.0
,175.0,1995.0,151968,2.0,,Grvl,1Story,GasW,Attchd,0.0,0.0
4.0,162.0,1987.0,463089,2.0,1.0,nan,2Story,GasA,Attchd,0.0,1.0
3.0,162.0,,325194,3.0,1.5,Pave,nan,GasA,Detchd,0.0,0.0
5.0,149.0,2021.0,116216,4.0,1.0,Pave,1Story,nan,Detchd,0.0,1.0
3.0,181.0,2011.0,265516,,2.0,Grvl,Twnhs,nan,Attchd,0.0,1.0
3.0,165.0,1984.0,396184,2.0,1.5,Pave,2Story,GasW,Attchd,0.0,0.0
2.0,178.0,1968.0,71644,,1.5,nan,2Story,nan,Detchd,0.0,0.0
2.0,108.0,1979.0,112021,3.0,1.0,Pave,2Story,GasW,Detchd,0.0,0.0
,163.0,1974.0,218197,3.0,1.5,nan,nan,GasA,Attchd,0.0,0.0
5.0,120.0,1989.0,92291,2.0,2.5,nan,1Story,GasA,Attchd,0.0,
4.0,182.0,1963.0,478276,2.0,1.5,Pave,1Story,nan,nan,0.0,0.0
3.0,,1975.0,444754,3.0,2.0,nan,nan,GasA,nan,0.0,1.0
3.0,68.0,1971.0,479392,3.0,2.0,Pave,Split,GasW,nan,1.0,0.0
3.0,65.0,1997.0,353664,2.0,2.5,Grvl,1Story,GasW,nan,,1.0
3.0,132.0,2000.0,75675,3.0,1.0,Pave,2Story,GasW,Attchd,1.0,
4.0,162.0,1952.0,199359,4.0,,nan,2Story,GasA,Detchd,,1.0
5.0,100.0,1991.0,312318,4.0,2.0,nan,2Story,GasA,Detchd,0.0,0.0
4.0,173.0,1968.0,142268,,,Pave,1Story,GasA,Detchd,0.0,1.0
3.0,67.0,,347142,3.0,,Pave,2Story,GasW,Attchd,0.0,0.0
,131.0,1977.0,234384,2.0,1.5,nan,1Story,GasW,Detchd,1.0,0.0
5.0,151.0,1994.0,455328,3.0,1.0,Pave,Split,GasW,Detchd,0.0,
4.0,121.0,2020.0,155410,3.0,1.5,nan,Twnhs,GasW,Attchd,0.0,1.0
4.0,143.0,2012.0,387369,2.0,2.0,nan,2Story,GasA,BuiltIn,0.0,1.0
3.0,121.0,,356958,2.0,1.0,Grvl,1Story,Electric,Attchd,0.0,1.0
3.0,170.0,1968.0,397235,3.0,1.0,nan,1Story,GasW,Attchd,0.0,0.0
3.0,186.0,1996.0,362863,2.0,1.5,Grvl,2Story,GasA,Attchd,0.0,
5.0,66.0,1963.0,179887,2.0,1.0,nan,Split,GasA,Attchd,,1.0
2.0,143.0,1987.0,346063,2.0,1.0,nan,1Story,Electric,Attchd,0.0,1.0
2.0,191.0,2002.0,385299,1.0,1.5,Pave,2Story,Electric,nan,0.0,0.0
2.0,193.0,,383713,3.0,1.0,Pave,1Story,GasA,Detchd,0.0,1.0
2.0,117.0,1985.0,353472,3.0,1.5,nan,1Story,GasW,Detchd,0.0,1.0
6.0,81.0,1989.0,251554,3.0,1.5,nan,1Story,GasA,Attchd,0.0,1.0
5.0,186.0,1979.0,336762,2.0,1.5,Pave,1Story,GasA,Detchd,0.0,1.0
4.0,62.0,1958.0,84675,2.0,2.5,nan,1Story,GasW,BuiltIn,0.0,1.0
2.0,186.0,2013.0,331063,3.0,2.0,Grvl,2Story,GasW,Detchd,,1.0
4.0,100.0,,316317,3.0,1.5,Pave,nan,GasW,BuiltIn,0.0,0.0
4.0,165.0,2001.0,421513,3.0,1.5,nan,Split,GasA,nan,,0.0
3.0,73.0,1963.0,338544,3.0,2.5,Pave,1Story,GasA,nan,,0.0
3.0,71.0,2002.0,231517,,2.5,nan,1Story,GasA,Detchd,,0.0
3.0,146.0,2008.0,120305,2.0,2.5,Pave,1Story,GasA,Attchd,0.0,1.0
4.0,71.0,1990.0,218636,3.0,2.0,nan,1Story,GasA,Detchd,0.0,0.0
4.0,84.0,2017.0,489030,3.0,1.0,Pave,2Story,GasA,Detchd,0.0,0.0
2.0,104.0,2017.0,138791,3.0,1.5,nan,2Story,GasA,BuiltIn,0.0,0.0
3.0,181.0,1957.0,209034,2.0,1.0,nan,1Story,GasA,nan,0.0,1.0
4.0,114.0,1951.0,120533,3.0,,Pave,1Story,GasW,BuiltIn,0.0,
4.0,159.0,1990.0,237256,4.0,2.0,nan,1Story,GasA,nan,0.0,1.0
6.0,195.0,2004.0,415735,2.0,2.0,Grvl,1Story,GasA,Attchd,1.0,0.0
4.0,178.0,1965.0,191650,2.0,1.5,Pave,Split,GasW,Attchd,0.0,
3.0,112.0,2011.0,181060,2.0,2.5,nan,1Story,GasA,Attchd,1.0,0.0
2.0,91.0,1997.0,199696,4.0,1.5,Grvl,2Story,GasW,nan,0.0,0.0
4.0,110.0,1979.0,351338,2.0,1.0,nan,2Story,GasA,nan,0.0,
2.0,103.0,1961.0,422047,,1.5,nan,nan,GasA,Detchd,0.0,0.0
4.0,141.0,1984.0,443605,3.0,2.0,nan,nan,GasA,BuiltIn,0.0,1.0
,96.0,1960.0,411447,,1.5,Pave,Split,GasA,BuiltIn,0.0,
4.0,155.0,2013.0,292188,,2.5,Grvl,1Story,GasW,nan,0.0,1.0
3.0,115.0,1999.0,426047,3.0,1.0,Grvl,2Story,nan,nan,0.0,
4.0,164.0,1970.0,379535,2.0,2.0,nan,Split,GasA,Detchd,0.0,1.0
4.0,118.0,,287501,2.0,2.0,nan,1Story,GasA,Detchd,0.0,0.0
4.0,190.0,1997.0,457010,2.0,1.5,nan,2Story,GasW,Attchd,0.0,0.0
,94.0,1969.0,370146,3.0,2.5,Pave,nan,GasA,Detchd,0.0,
3.0,152.0,2016.0,347675,2.0,2.0,Pave,2Story,Electric,Detchd,0.0,0.0
,156.0,1993.0,233887,2.0,2.0,Pave,1Story,GasA,Attchd,0.0,1.0
,194.0,1982.0,54986,3.0,2.5,Pave,1Story,nan,nan,0.0,0.0
3.0,135.0,2022.0,344442,,2.0,Grvl,2Story,GasA,Detchd,0.0,1.0
2.0,108.0,2010.0,313625,2.0,1.5,Pave,1Story,GasA,nan,0.0,0.0
2.0,153.0,1958.0,368552,1.0,2.0,Pave,2Story,Electric,Attchd,0.0,
2.0,83.0,2017.0,250339,2.0,1.5,Pave,Split,GasW,Detchd,0.0,0.0
2.0,96.0,1984.0,171950,,1.5,Pave,1Story,GasW,Detchd,0.0,0.0
4.0,63.0,2014.0,460051,3.0,1.0,Pave,nan,GasW,Attchd,0.0,1.0
2.0,167.0,1957.0,175355,2.0,2.0,Pave,2Story,GasW,Detchd,0.0,0.0
3.0,185.0,1994.0,77798,2.0,2.0,Grvl,1Story,GasA,Attchd,0.0,0.0
5.0,79.0,1996.0,141649,2.0,1.5,nan,Split,GasW,Attchd,0.0,0.0
2.0,109.0,,377031,2.0,2.0,Pave,Split,GasA,Attchd,0.0,1.0
5.0,155.0,2003.0,69477,,,Grvl,2Story,Electric,Attchd,0.0,0.0
3.0,164.0,1995.0,460482,4.0,1.0,Grvl,nan,nan,BuiltIn,0.0,1.0
2.0,,1996.0,267400,3.0,1.5,Pave,Split,GasA,Attchd,0.0,0.0
4.0,157.0,1964.0,267060,4.0,2.0,Pave,nan,GasA,Detchd,0.0,1.0
4.0,125.0,1968.0,439959,2.0,1.5,Grvl,2Story,GasA,BuiltIn,0.0,0.0
6.0,138.0,1975.0,486742,3.0,2.0,nan,Split,GasA,Detchd,0.0,1.0
5.0,65.0,2001.0,439570,4.0,1.0,Pave,nan,nan,nan,,0.0
5.0,98.0,1971.0,455105,3.0,1.5,Pave,Split,GasA,BuiltIn,0.0,1.0
3.0,174.0,1970.0,336479,4.0,2.0,nan,1Story,GasA,BuiltIn,0.0,0.0
3.0,184.0,2000.0,454470,2.0,2.0,Pave,2Story,Electric,Attchd,0.0,0.0
5.0,71.0,1987.0,398754,2.0,2.5,Pave,2Story,Electric,BuiltIn,0.0,0.0
5.0,190.0,1969.0,323586,2.0,2.5,nan,1Story,GasW,nan,0.0,1.0
,77.0,1978.0,358433,3.0,2.0,nan,nan,GasW,Attchd,,0.0
3.0,99.0,2000.0,365891,3.0,2.0,Grvl,1Story,GasW,Attchd,0.0,1.0
3.0,80.0,1953.0,349471,,1.0,Grvl,1Story,nan,Attchd,1.0,1.0
5.0,,2004.0,459415,3.0,2.0,Pave,nan,GasW,BuiltIn,1.0,0.0
3.0,85.0,2020.0,384971,4.0,1.0,Pave,2Story,GasW,Detchd,0.0,1.0
,67.0,1977.0,156464,4.0,2.5,nan,1Story,GasA,BuiltIn,,1.0
6.0,159.0,1953.0,181184,2.0,1.5,Pave,2Story,GasA,Attchd,1.0,
3.0,146.0,1971.0,137051,3.0,2.0,Grvl,2Story,GasW,nan,0.0,
5.0,,1994.0,200653,2.0,1.5,nan,1Story,nan,Attchd,0.0,0.0
5.0,73.0,2016.0,295300,3.0,2.0,nan,nan,Electric,Attchd,0.0,1.0
2.0,137.0,,109722,,2.5,Pave,2Story,nan,Detchd,0.0,1.0
,61.0,1983.0,142036,2.0,1.5,nan,2Story,GasW,Attchd,0.0,0.0
4.0,178.0,2004.0,278634,3.0,2.5,Grvl,2Story,GasW,Attchd,1.0,1.0
5.0,96.0,1950.0,197595,3.0,1.5,nan,2Story,Electric,Attchd,0.0,
3.0,128.0,2021.0,379104,3.0,2.0,Pave,1Story,GasW,Detchd,0.0,1.0
6.0,100.0,1987.0,298709,3.0,2.5,Pave,1Story,GasA,nan,0.0,
3.0,121.0,1955.0,331696,3.0,1.5,Pave,2Story,GasA,nan,0.0,0.0
2.0,119.0,1974.0,191880,1.0,,Grvl,Twnhs,Electric,Detchd,0.0,0.0
,184.0,1966.0,285419,2.0,1.0,Grvl,1Story,GasA,Attchd,0.0,1.0
2.0,,2010.0,204692,1.0,1.0,nan,2Story,nan,Detchd,0.0,
3.0,73.0,1961.0,313031,3.0,,nan,Twnhs,GasA,BuiltIn,0.0,1.0
,143.0,1955.0,343946,2.0,1.0,Pave,1Story,GasW,Attchd,0.0,0.0
,189.0,1976.0,135024,4.0,,Grvl,1Story,GasW,Attchd,0.0,0.0
4.0,129.0,1957.0,295809,3.0,,Pave,1Story,GasW,Attchd,1.0,1.0
4.0,182.0,2014.0,168639,3.0,1.0,nan,2Story,GasA,BuiltIn,0.0,0.0
3.0,148.0,2006.0,430392,3.0,2.0,nan,1Story,nan,Attchd,0.0,0.0
3.0,87.0,1989.0,131938,3.0,1.0,nan,2Story,GasW,nan,,0.0
3.0,125.0,1963.0,267813,,1.5,nan,2Story,GasA,Attchd,1.0,0.0
4.0,64.0,1984.0,302100,2.0,1.0,Pave,2Story,GasW,Attchd,0.0,0.0
5.0,104.0,1997.0,434890,2.0,1.5,Pave,1Story,GasA,Detchd,1.0,0.0
5.0,106.0,2005.0,338193,4.0,1.5,nan,2Story,GasA,Detchd,1.0,0.0
5.0,90.0,1998.0,389933,2.0,1.5,nan,Split,GasA,Attchd,0.0,0.0
2.0,198.0,1962.0,134526,2.0,,Pave,nan,Electric,Attchd,0.0,1.0
4.0,69.0,2010.0,451062,3.0,2.5,Pave,nan,GasW,Attchd,1.0,
2.0,177.0,,96220,2.0,2.0,nan,2Story,GasW,Attchd,1.0,
4.0,73.0,1995.0,358307,3.0,2.0,Pave,2Story,GasA,Attchd,1.0,0.0
3.0,139.0,2011.0,446981,2.0,2.5,Grvl,1Story,GasA,nan,0.0,0.0
6.0,152.0,1957.0,429270,4.0,1.5,nan,1Story,nan,Detchd,0.0,0.0
3.0,69.0,1992.0,393630,4.0,2.0,Pave,1Story,GasW,Detchd,1.0,0.0
2.0,135.0,1969.0,488486,3.0,,Pave,2Story,nan,Attchd,0.0,0.0
2.0,153.0,1988.0,125277,3.0,1.5,nan,1Story,GasA,Attchd,0.0,1.0
5.0,164.0,1998.0,416389,4.0,2.0,nan,1Story,GasA,Attchd,,0.0
4.0,60.0,2013.0,172332,2.0,2.5,nan,nan,Electric,Detchd,,1.0
2.0,192.0,2011.0,284231,4.0,,Grvl,1Story,GasW,Detchd,0.0,1.0
2.0,79.0,2003.0,72931,4.0,2.0,Pave,1Story,GasA,Attchd,0.0,0.0
5.0,67.0,1958.0,139116,3.0,1.5,nan,1Story,GasA,BuiltIn,0.0,0.0
2.0,60.0,1986.0,301671,3.0,1.5,nan,2Story,Electric,Detchd,0.0,0.0
5.0,116.0,1998.0,367777,2.0,1.0,Pave,2Story,GasA,Attchd,,0.0
5.0,123.0,1990.0,101913,3.0,2.0,nan,1Story,GasW,Attchd,0.0,
2.0,177.0,1966.0,300216,4.0,1.0,Pave,2Story,GasA,Detchd,0.0,0.0
2.0,87.0,1970.0,144776,1.0,2.5,Pave,Split,GasA,BuiltIn,0.0,0.0
,180.0,2000.0,75991,4.0,1.0,Pave,Twnhs,nan,Attchd,0.0,1.0
3.0,166.0,2008.0,235917,2.0,1.0,Grvl,nan,GasA,Attchd,0.0,1.0
3.0,108.0,1988.0,154092,2.0,1.5,Grvl,Twnhs,GasW,Detchd,0.0,0.0
5.0,179.0,2004.0,279577,2.0,2.0,nan,2Story,Electric,Attchd,1.0,0.0
,103.0,,236384,1.0,1.0,nan,1Story,GasA,Detchd,0.0,0.0
,115.0,1988.0,453777,3.0,1.5,nan,1Story,GasA,Detchd,0.0,0.0
5.0,170.0,1962.0,460117,2.0,1.5,Pave,1Story,GasW,Attchd,1.0,0.0
3.0,,2013.0,287113,,1.5,Pave,2Story,GasA,Attchd,1.0,1.0
2.0,167.0,1960.0,145556,3.0,1.0,Pave,Twnhs,GasA,Detchd,0.0,1.0
5.0,173.0,1968.0,375019,2.0,2.5,Pave,2Story,GasA,Attchd,,
4.0,137.0,,206989,3.0,2.0,nan,1Story,GasW,Attchd,0.0,0.0
3.0,189.0,1995.0,374264,4.0,1.0,nan,2Story,GasW,BuiltIn,1.0,1.0
,96.0,1994.0,445204,3.0,2.5,nan,nan,GasW,Attchd,0.0,0.0
2.0,79.0,1950.0,422185,2.0,,Pave,2Story,GasA,Detchd,0.0,0.0
4.0,,1989.0,178467,4.0,2.0,Grvl,Twnhs,GasW,Attchd,0.0,0.0
2.0,88.0,1968.0,457472,4.0,2.0,Grvl,Twnhs,nan,Detchd,0.0,1.0
4.0,,2021.0,430634,2.0,2.5,Pave,nan,GasW,Attchd,,0.0
2.0,178.0,2021.0,268800,2.0,,nan,Split,GasW,nan,0.0,1.0
2.0,94.0,2010.0,176155,3.0,2.0,nan,Split,GasW,BuiltIn,,0.0
2.0,118.0,1961.0,340374,2.0,1.5,Grvl,1Story,Electric,Attchd,,0.0
4.0,,2010.0,109778,4.0,2.0,nan,1Story,nan,Detchd,,0.0
5.0,71.0,1982.0,95833,3.0,2.0,nan,2Story,GasA,Attchd,0.0,0.0
4.0,79.0,1994.0,334769,,1.0,Pave,1Story,GasA,Detchd,0.0,1.0
,102.0,2018.0,82088,3.0,1.5,nan,nan,GasA,nan,0.0,1.0
3.0,185.0,1957.0,260722,2.0,2.5,Pave,1Story,GasA,Detchd,1.0,
3.0,109.0,1974.0,484383,2.0,2.0,Pave,nan,GasA,Attchd,0.0,1.0
6.0,,1995.0,416081,3.0,1.5,nan,1Story,Electric,Detchd,0.0,1.0
3.0,98.0,1979.0,246375,4.0,2.0,nan,1Story,GasA,Attchd,0.0,
,97.0,1996.0,126361,4.0,1.0,Grvl,nan,GasW,BuiltIn,,0.0
2.0,143.0,1998.0,400373,2.0,1.5,Grvl,1Story,GasW,Detchd,1.0,0.0
,187.0,1996.0,185189,2.0,2.0,nan,1Story,GasA,Attchd,0.0,1.0
2.0,,1967.0,140265,1.0,1.5,nan,1Story,nan,Attchd,0.0,0.0
6.0,104.0,2015.0,147718,3.0,1.0,nan,2Story,Electric,BuiltIn,0.0,0.0
4.0,111.0,2017.0,372854,2.0,,Pave,1Story,GasA,BuiltIn,0.0,0.0
,139.0,1982.0,144876,3.0,1.5,nan,2Story,GasA,Attchd,,1.0
2.0,183.0,1985.0,80949,3.0,1.5,Pave,2Story,GasA,Attchd,0.0,0.0
4.0,178.0,1968.0,465763,,,nan,Split,GasW,Detchd,0.0,0.0
,67.0,1977.0,262954,2.0,2.0,Pave,Split,GasA,Attchd,0.0,0.0
4.0,144.0,1989.0,380280,2.0,2.0,nan,2Story,GasW,Attchd,0.0,0.0
4.0,188.0,1964.0,161541,3.0,2.5,Pave,1Story,Electric,Attchd,0.0,1.0
4.0,67.0,1990.0,245691,3.0,1.0,Grvl,Twnhs,GasA,Attchd,0.0,1.0
4.0,155.0,1988.0,111842,2.0,2.0,Grvl,1Story,Electric,Detchd,1.0,0.0
4.0,,1951.0,282930,,2.0,Pave,2Story,GasA,nan,0.0,0.0
4.0,64.0,2012.0,339134,4.0,2.5,nan,2Story,nan,Detchd,1.0,
,145.0,1978.0,197265,2.0,2.0,nan,nan,GasA,Attchd,1.0,0.0
2.0,93.0,2015.0,342253,2.0,2.0,nan,2Story,GasW,Detchd,,0.0
3.0,114.0,2000.0,180356,3.0,1.5,Pave,1Story,GasA,Detchd,0.0,
,178.0,1959.0,462449,4.0,1.5,nan,2Story,Electric,Attchd,0.0,1.0
6.0,173.0,1963.0,294629,1.0,2.0,nan,2Story,GasW,nan,0.0,0.0
4.0,85.0,2000.0,262802,3.0,2.0,Grvl,1Story,GasA,Detchd,,1.0
4.0,195.0,2022.0,440277,3.0,2.0,Pave,2Story,GasW,nan,,1.0
3.0,,1988.0,215582,2.0,1.5,nan,Split,GasA,Detchd,0.0,0.0
3.0,172.0,1977.0,313450,3.0,2.0,nan,nan,GasW,Detchd,0.0,0.0
4.0,135.0,1952.0,53849,,2.0,nan,2Story,Electric,Attchd,0.0,0.0
3.0,131.0,2019.0,62360,1.0,2.5,Grvl,1Story,GasA,Detchd,0.0,0.0
4.0,148.0,1976.0,423216,2.0,2.0,nan,1Story,GasA,Attchd,0.0,0.0
2.0,105.0,1951.0,303279,3.0,,Pave,nan,GasA,nan,0.0,1.0
,92.0,1987.0,144767,4.0,2.5,nan,Twnhs,GasW,BuiltIn,0.0,0.0
,60.0,1952.0,311445,,2.0,nan,1Story,GasA,nan,,0.0
4.0,90.0,1965.0,226872,3.0,2.0,Pave,1Story,GasA,BuiltIn,0.0,0.0
4.0,112.0,1989.0,480179,4.0,,nan,Split,GasA,nan,0.0,1.0
3.0,107.0,1951.0,104330,3.0,2.0,Pave,1Story,GasA,Attchd,0.0,1.0
5.0,128.0,1990.0,101707,3.0,2.5,nan,1Story,nan,Detchd,1.0,0.0
4.0,164.0,1961.0,330833,2.0,2.0,Grvl,1Story,GasA,Detchd,0.0,0.0
3.0,149.0,1984.0,79084,2.0,2.0,Pave,1Story,GasW,Detchd,0.0,0.0
,122.0,2014.0,90387,2.0,1.5,Grvl,2Story,GasW,BuiltIn,0.0,0.0
5.0,132.0,2004.0,386960,3.0,1.5,Grvl,Split,GasW,Attchd,0.0,
,148.0,1994.0,52642,1.0,,Pave,1Story,GasA,Attchd,0.0,
5.0,72.0,2011.0,354281,,2.0,nan,1Story,GasW,nan,0.0,0.0
4.0,,1998.0,236633,2.0,2.0,nan,1Story,Electric,Detchd,0.0,0.0
3.0,136.0,1974.0,374404,2.0,,nan,2Story,GasA,Attchd,0.0,1.0
,127.0,1972.0,196510,3.0,2.0,Pave,1Story,GasA,BuiltIn,0.0,0.0
6.0,157.0,1973.0,360586,3.0,2.0,nan,2Story,GasA,nan,0.0,0.0
2.0,184.0,1987.0,415205,2.0,2.0,Pave,Split,GasA,Attchd,0.0,
2.0,161.0,1977.0,446210,2.0,2.0,nan,1Story,GasA,nan,0.0,1.0
3.0,191.0,1970.0,304511,,1.0,Pave,1Story,GasW,nan,0.0,0.0
5.0,161.0,2003.0,437988,2.0,1.5,nan,1Story,GasA,nan,0.0,0.0
,78.0,1967.0,411719,2.0,1.5,nan,2Story,GasW,nan,,0.0
3.0,141.0,1985.0,313957,4.0,1.5,nan,nan,GasW,Detchd,0.0,1.0
4.0,82.0,1994.0,405171,2.0,2.0,Grvl,1Story,GasA,Attchd,0.0,0.0
3.0,142.0,,435633,3.0,1.5,Pave,nan,GasW,Attchd,0.0,0.0
,168.0,2002.0,134381,3.0,1.0,Pave,1Story,GasA,Attchd,0.0,0.0
5.0,134.0,1979.0,299880,2.0,1.5,nan,Twnhs,nan,Detchd,0.0,1.0
5.0,188.0,2009.0,367420,2.0,1.0,nan,2Story,GasA,Attchd,0.0,0.0
4.0,147.0,1981.0,353387,2.0,2.0,Pave,2Story,GasW,Attchd,0.0,1.0
3.0,113.0,2016.0,243984,2.0,2.5,nan,2Story,Electric,Attchd,0.0,1.0
3.0,148.0,2016.0,110272,1.0,2.0,nan,2Story,GasA,Attchd,,0.0
2.0,124.0,1977.0,223123,4.0,1.5,nan,Twnhs,GasA,nan,0.0,0.0
6.0,,1993.0,263808,3.0,1.0,Pave,Split,GasW,Attchd,0.0,0.0
5.0,119.0,1990.0,303091,3.0,1.5,Pave,2Story,GasA,Detchd,0.0,0.0
,152.0,2012.0,377762,4.0,2.0,Pave,1Story,Electric,Detchd,,0.0
,108.0,1972.0,314064,3.0,1.5,nan,1Story,nan,Attchd,0.0,0.0
4.0,94.0,1997.0,156121,1.0,2.0,Grvl,Twnhs,GasA,nan,0.0,1.0
5.0,161.0,1981.0,126872,,1.5,Grvl,2Story,GasA,Detchd,,
,70.0,,393276,2.0,2.5,nan,2Story,GasA,Attchd,0.0,0.0
5.0,158.0,1982.0,314237,2.0,1.5,nan,2Story,GasA,Attchd,0.0,0.0
3.0,169.0,1973.0,325049,4.0,1.5,nan,nan,GasW,Attchd,0.0,0.0
4.0,133.0,1988.0,171759,3.0,2.5,Grvl,2Story,GasW,Attchd,0.0,0.0
2.0,68.0,1983.0,467567,3.0,1.5,Pave,Split,GasA,Attchd,,0.0
,62.0,2005.0,343125,2.0,1.0,nan,Split,GasA,Detchd,0.0,1.0
4.0,144.0,1977.0,386047,3.0,2.0,Grvl,1Story,GasA,nan,,1.0
3.0,85.0,1986.0,382965,2.0,2.0,Pave,1Story,GasA,Detchd,,0.0
4.0,131.0,1956.0,421344,,2.0,Grvl,Twnhs,Electric,Attchd,0.0,
4.0,107.0,2017.0,132289,2.0,1.5,Pave,1Story,GasA,Attchd,0.0,1.0
3.0,176.0,1986.0,166506,4.0,1.5,Grvl,nan,Electric,Detchd,0.0,1.0
2.0,71.0,2005.0,128513,3.0,1.5,nan,1Story,GasW,Attchd,1.0,0.0
4.0,192.0,2014.0,463090,4.0,1.0,nan,1Story,GasW,Attchd,0.0,0.0
4.0,107.0,2014.0,232003,3.0,2.5,nan,nan,GasA,nan,0.0,1.0
5.0,96.0,1996.0,450890,3.0,2.0,Pave,2Story,GasW,Attchd,0.0,1.0
4.0,103.0,1969.0,362660,2.0,1.5,Grvl,1Story,GasW,nan,0.0,0.0
6.0,,1968.0,309480,2.0,2.0,Pave,Split,GasW,Attchd,0.0,0.0
4.0,102.0,1978.0,312043,2.0,1.5,nan,2Story,GasA,nan,,1.0
4.0,146.0,2009.0,241758,4.0,2.5,Grvl,2Story,GasA,Detchd,0.0,1.0
6.0,129.0,1967.0,381356,4.0,1.0,nan,1Story,GasW,BuiltIn,,0.0
3.0,105.0,1984.0,183498,3.0,1.0,nan,Twnhs,GasA,Attchd,0.0,0.0
2.0,167.0,1992.0,304024,2.0,2.0,Grvl,nan,GasA,nan,0.0,
2.0,182.0,1960.0,180970,3.0,2.0,Grvl,1Story,nan,nan,1.0,0.0
5.0,80.0,1998.0,140009,3.0,2.0,nan,nan,GasA,Detchd,0.0,1.0
4.0,166.0,1987.0,249570,3.0,1.0,nan,nan,GasA,Detchd,0.0,0.0
5.0,139.0,2013.0,473159,4.0,1.5,Pave,2Story,GasA,BuiltIn,0.0,0.0
3.0,,2018.0,247467,,1.5,Grvl,2Story,GasW,Attchd,0.0,1.0
2.0,176.0,1957.0,94816,2.0,1.5,nan,1Story,GasA,Detchd,0.0,
2.0,183.0,1983.0,54138,3.0,2.5,Pave,1Story,GasW,nan,0.0,0.0
3.0,,1997.0,141176,3.0,1.0,Grvl,Split,GasA,Attchd,0.0,1.0
4.0,95.0,2005.0,388089,2.0,1.5,Pave,nan,GasA,Attchd,0.0,1.0
3.0,110.0,2014.0,316161,2.0,2.0,nan,2Story,GasW,Detchd,0.0,1.0
3.0,74.0,1980.0,322595,2.0,1.5,Pave,2Story,GasA,BuiltIn,,1.0
,127.0,1953.0,244028,4.0,2.0,Grvl,1Story,nan,Attchd,,0.0
3.0,80.0,1999.0,406007,3.0,2.5,Pave,1Story,GasA,Attchd,,0.0
4.0,78.0,,322422,3.0,1.0,nan,2Story,GasA,Attchd,0.0,
5.0,93.0,1979.0,271552,,,nan,1Story,GasA,BuiltIn,0.0,1.0
3.0,137.0,2008.0,93764,4.0,2.0,nan,2Story,GasA,Attchd,0.0,0.0
4.0,184.0,2016.0,173030,2.0,1.5,nan,1Story,nan,Detchd,1.0,
6.0,176.0,1994.0,444350,3.0,1.5,nan,Split,Electric,Attchd,0.0,0.0
,111.0,1953.0,375087,3.0,1.5,Pave,1Story,GasA,BuiltIn,0.0,1.0
2.0,86.0,1975.0,145667,4.0,2.0,Pave,2Story,GasW,nan,0.0,1.0
,,1976.0,366462,3.0,2.0,nan,2Story,GasW,Attchd,1.0,0.0
4.0,195.0,1995.0,415567,3.0,2.5,Grvl,1Story,GasA,Attchd,0.0,
3.0,165.0,2013.0,416142,2.0,,Pave,1Story,GasA,nan,1.0,
4.0,61.0,2000.0,110128,4.0,2.0,nan,1Story,nan,Attchd,1.0,
,136.0,1999.0,269128,2.0,2.0,Pave,nan,nan,Attchd,0.0,0.0
4.0,191.0,1955.0,334013,2.0,1.5,Pave,1Story,nan,nan,0.0,0.0
3.0,149.0,2008.0,283540,2.0,2.0,nan,Split,GasW,nan,,
4.0,148.0,1964.0,55039,2.0,1.0,nan,nan,GasW,Detchd,0.0,
3.0,153.0,1979.0,202353,2.0,2.0,Grvl,Split,GasA,Attchd,0.0,0.0
2.0,66.0,1991.0,162935,4.0,1.5,nan,1Story,GasA,Attchd,,1.0
2.0,154.0,1986.0,60442,,1.0,nan,nan,GasA,Attchd,0.0,0.0
2.0,167.0,1991.0,385932,2.0,1.0,nan,1Story,GasW,BuiltIn,0.0,1.0
3.0,133.0,1984.0,431873,2.0,1.5,Pave,2Story,GasW,BuiltIn,0.0,1.0
2.0,98.0,1955.0,339730,2.0,2.0,Pave,nan,Electric,nan,0.0,
4.0,130.0,2017.0,103053,2.0,1.5,nan,2Story,nan,Attchd,0.0,
3.0,115.0,1967.0,231561,1.0,2.0,nan,2Story,Electric,Detchd,0.0,1.0
3.0,101.0,2022.0,264176,,1.5,nan,1Story,nan,Attchd,0.0,0.0
6.0,,1978.0,136346,2.0,2.0,Pave,1Story,GasA,Attchd,0.0,0.0
4.0,143.0,2008.0,379231,3.0,1.5,Pave,2Story,GasW,BuiltIn,,0.0
4.0,177.0,1996.0,455841,1.0,1.0,nan,1Story,GasW,Attchd,0.0,0.0
3.0,66.0,1966.0,84397,4.0,2.0,Pave,nan,GasA,Detchd,0.0,0.0
3.0,113.0,1971.0,370815,3.0,1.5,nan,nan,nan,Detchd,,
2.0,188.0,2017.0,166214,,1.0,Pave,nan,Electric,nan,1.0,
3.0,179.0,2018.0,379041,4.0,1.5,Pave,2Story,GasA,BuiltIn,0.0,0.0
3.0,165.0,1986.0,207221,2.0,1.0,nan,2Story,GasA,nan,0.0,1.0
3.0,106.0,1998.0,448499,2.0,2.0,nan,nan,GasW,Detchd,0.0,
2.0,182.0,1962.0,450826,3.0,1.5,Grvl,nan,GasW,Attchd,0.0,1.0
2.0,178.0,1983.0,486542,3.0,2.0,Pave,2Story,nan,Detchd,0.0,0.0
4.0,177.0,2002.0,327068,3.0,2.5,nan,1Story,GasA,Detchd,0.0,1.0
3.0,80.0,2000.0,163143,1.0,1.5,Pave,1Story,GasA,Detchd,0.0,0.0
3.0,196.0,1952.0,422397,2.0,,nan,2Story,GasA,Detchd,0.0,0.0
4.0,85.0,1991.0,412441,3.0,2.0,nan,2Story,GasA,Attchd,,1.0
4.0,68.0,1981.0,313013,3.0,2.0,Pave,Twnhs,GasA,Attchd,0.0,
2.0,,2000.0,409232,4.0,2.0,nan,1Story,nan,Attchd,0.0,1.0
5.0,69.0,1995.0,313158,2.0,2.0,Pave,1Story,GasA,Detchd,0.0,
4.0,181.0,1970.0,60103,3.0,2.0,nan,1Story,GasA,Detchd,0.0,
2.0,180.0,1993.0,422461,2.0,1.5,Grvl,1Story,GasA,Detchd,0.0,0.0
6.0,184.0,1960.0,476674,2.0,1.0,nan,1Story,GasA,Attchd,0.0,0.0
,131.0,2017.0,132409,3.0,1.0,Pave,2Story,Electric,Attchd,0.0,1.0
2.0,108.0,1950.0,73248,2.0,1.5,Grvl,2Story,GasW,BuiltIn,0.0,0.0
3.0,150.0,2012.0,224588,2.0,1.5,nan,Split,GasW,BuiltIn,0.0,0.0
5.0,96.0,1973.0,472277,2.0,1.5,nan,1Story,GasA,Detchd,0.0,0.0
5.0,127.0,1962.0,205242,2.0,1.0,nan,1Story,GasA,Detchd,,0.0
3.0,109.0,1960.0,58024,2.0,2.0,Pave,2Story,GasA,Attchd,0.0,0.0
3.0,78.0,2000.0,284864,2.0,2.5,nan,nan,GasA,BuiltIn,0.0,
3.0,159.0,1966.0,398091,2.0,,Pave,1Story,Electric,nan,0.0,1.0
4.0,119.0,1973.0,224875,2.0,1.5,Pave,Twnhs,GasA,Detchd,0.0,0.0
4.0,148.0,1968.0,462512,3.0,2.0,nan,1Story,GasW,Detchd,0.0,1.0
3.0,128.0,1986.0,403973,2.0,2.5,Grvl,nan,GasA,Detchd,1.0,0.0
4.0,108.0,1957.0,404852,2.0,1.5,nan,Twnhs,GasW,Detchd,0.0,1.0
5.0,,1977.0,398808,2.0,1.5,nan,1Story,nan,Detchd,,0.0
2.0,178.0,1954.0,461473,3.0,,nan,2Story,GasW,Detchd,0.0,1.0
3.0,96.0,1966.0,193927,4.0,2.0,nan,1Story,GasW,Detchd,,0.0
5.0,70.0,,135178,4.0,1.5,nan,nan,nan,Attchd,0.0,0.0
6.0,197.0,1968.0,413265,3.0,1.0,Pave,2Story,GasW,nan,0.0,0.0
4.0,137.0,2013.0,332169,3.0,1.0,nan,2Story,GasA,BuiltIn,0.0,0.0
4.0,136.0,1960.0,447674,3.0,2.5,Pave,Split,GasA,Attchd,0.0,0.0
2.0,61.0,2003.0,113610,3.0,2.0,Grvl,Twnhs,GasW,Detchd,0.0,
3.0,123.0,1994.0,120843,2.0,1.5,nan,1Story,GasW,Attchd,0.0,0.0
4.0,94.0,1996.0,157237,2.0,1.0,nan,2Story,GasA,Attchd,0.0,
3.0,66.0,1961.0,230903,2.0,2.0,nan,1Story,GasA,Attchd,0.0,0.0
3.0,144.0,1970.0,224499,,2.0,Pave,1Story,nan,Detchd,,0.0
3.0,126.0,1960.0,180299,3.0,1.5,nan,2Story,GasA,nan,0.0,1.0
2.0,101.0,1954.0,481722,3.0,2.5,Pave,1Story,GasA,Detchd,,0.0
3.0,177.0,2005.0,55668,2.0,1.0,nan,1Story,GasA,Detchd,0.0,1.0
3.0,184.0,1969.0,272542,3.0,1.5,nan,Twnhs,Electric,Detchd,,
3.0,83.0,1990.0,228267,2.0,2.0,nan,1Story,GasA,Attchd,0.0,0.0
2.0,105.0,1995.0,385377,2.0,1.5,Pave,2Story,GasW,Attchd,1.0,
6.0,78.0,1961.0,205489,4.0,2.5,Pave,1Story,GasA,BuiltIn,0.0,1.0
4.0,127.0,2019.0,394126,3.0,2.0,Pave,1Story,GasW,nan,0.0,1.0
4.0,,1966.0,156133,2.0,2.0,nan,1Story,Electric,Detchd,0.0,
5.0,101.0,1968.0,322895,4.0,1.0,nan,2Story,GasA,Detchd,0.0,0.0
4.0,91.0,1975.0,358362,2.0,1.0,Pave,Split,GasW,nan,1.0,0.0
2.0,168.0,1997.0,438793,,1.5,nan,1Story,GasA,Attchd,0.0,
4.0,,2001.0,319496,2.0,2.0,nan,1Story,GasA,BuiltIn,0.0,0.0
4.0,156.0,2019.0,260124,2.0,2.0,nan,nan,Electric,Detchd,0.0,1.0
5.0,,2004.0,138835,2.0,2.5,nan,1Story,GasA,Detchd,0.0,
3.0,132.0,1982.0,147493,2.0,2.0,nan,nan,GasW,Attchd,,1.0
2.0,195.0,2011.0,341071,2.0,,Pave,1Story,GasA,Detchd,0.0,
3.0,156.0,1972.0,222166,3.0,2.0,Pave,Split,GasA,BuiltIn,0.0,1.0
3.0,182.0,1964.0,151948,4.0,1.5,Pave,1Story,GasA,Attchd,,0.0
4.0,129.0,1976.0,235194,4.0,1.5,nan,nan,GasW,Detchd,0.0,1.0
4.0,72.0,2013.0,79493,2.0,2.0,nan,Split,GasA,Attchd,1.0,0.0
3.0,108.0,2000.0,343851,3.0,1.0,nan,2Story,GasW,nan,1.0,1.0
,119.0,2002.0,249886,2.0,1.0,Pave,1Story,GasA,Detchd,0.0,0.0
4.0,189.0,2000.0,188368,1.0,2.0,Grvl,Split,GasA,nan,0.0,0.0
3.0,64.0,1996.0,206470,3.0,2.5,Pave,2Story,GasW,Attchd,0.0,1.0
2.0,86.0,1953.0,347986,3.0,1.0,Pave,1Story,Electric,Attchd,0.0,0.0
3.0,67.0,1956.0,63261,2.0,2.0,nan,1Story,GasA,Attchd,0.0,0.0
3.0,109.0,1984.0,126709,1.0,2.5,nan,Twnhs,GasW,Attchd,0.0,1.0
3.0,126.0,1997.0,145985,,1.5,nan,1Story,GasA,Attchd,,1.0
3.0,103.0,2022.0,418760,1.0,1.0,nan,2Story,GasW,Detchd,0.0,0.0
3.0,184.0,2021.0,499920,3.0,1.0,Pave,2Story,Electric,Attchd,,1.0
3.0,,1994.0,379317,3.0,2.0,Pave,nan,Electric,Detchd,,1.0
6.0,62.0,2021.0,343925,2.0,2.0,Grvl,nan,GasW,Attchd,0.0,1.0
2.0,145.0,1968.0,325796,2.0,2.5,nan,nan,GasA,Detchd,0.0,0.0
4.0,129.0,2012.0,317247,3.0,2.0,nan,1Story,Electric,BuiltIn,0.0,0.0
3.0,,1987.0,337644,4.0,1.0,Grvl,nan,GasW,Detchd,,1.0
,61.0,2016.0,296404,3.0,1.0,Grvl,1Story,GasA,nan,0.0,
2.0,161.0,2008.0,150336,3.0,2.0,Pave,2Story,GasA,Attchd,,
3.0,94.0,2018.0,478745,,1.0,Pave,2Story,nan,Detchd,1.0,1.0
,157.0,1962.0,163499,4.0,1.5,Grvl,1Story,Electric,Detchd,0.0,1.0
6.0,89.0,,199524,3.0,1.5,Pave,nan,GasA,Detchd,0.0,
5.0,175.0,2010.0,361537,3.0,1.0,Grvl,1Story,GasW,Detchd,0.0,0.0
3.0,67.0,1980.0,474390,3.0,1.5,nan,2Story,Electric,Detchd,0.0,0.0
3.0,103.0,1971.0,216508,3.0,1.5,nan,Split,GasA,Detchd,0.0,0.0
4.0,95.0,1992.0,359550,3.0,1.5,Pave,Split,GasA,Detchd,1.0,0.0
,136.0,2016.0,375203,3.0,1.0,Pave,1Story,GasW,nan,0.0,1.0
4.0,90.0,2003.0,197026,1.0,2.0,Grvl,2Story,GasA,nan,,0.0
4.0,106.0,1959.0,394866,3.0,2.5,Grvl,Twnhs,GasA,Attchd,,0.0
3.0,114.0,1991.0,300819,2.0,1.5,Grvl,1Story,GasW,Attchd,0.0,0.0
5.0,165.0,2013.0,62356,2.0,2.0,nan,2Story,nan,nan,0.0,
3.0,180.0,1970.0,178128,2.0,1.5,nan,1Story,GasW,nan,0.0,1.0
3.0,114.0,2015.0,52187,3.0,2.0,nan,2Story,GasW,Attchd,0.0,0.0
3.0,71.0,1990.0,389387,3.0,2.5,Grvl,nan,GasA,Attchd,0.0,0.0
4.0,199.0,1973.0,347242,2.0,2.0,nan,2Story,GasA,nan,0.0,0.0
3.0,195.0,1984.0,202297,3.0,2.5,Grvl,2Story,GasW,BuiltIn,0.0,1.0
2.0,62.0,2005.0,184678,3.0,1.0,Pave,2Story,GasA,Attchd,,0.0
4.0,89.0,1979.0,369764,2.0,1.0,nan,2Story,Electric,Detchd,0.0,1.0
3.0,82.0,2006.0,476044,3.0,2.5,nan,1Story,GasA,nan,0.0,1.0
4.0,151.0,,176270,4.0,1.5,nan,1Story,GasA,nan,0.0,1.0
3.0,174.0,1984.0,469705,4.0,1.5,nan,2Story,GasA,BuiltIn,0.0,0.0
4.0,163.0,1968.0,326531,3.0,2.0,nan,2Story,nan,BuiltIn,0.0,1.0
4.0,177.0,,381607,3.0,2.5,nan,2Story,GasA,Attchd,0.0,0.0
2.0,64.0,,292998,2.0,2.5,nan,1Story,GasA,nan,0.0,1.0
3.0,163.0,2020.0,445807,2.0,1.5,nan,1Story,GasA,Attchd,,1.0
2.0,167.0,1979.0,291503,2.0,2.5,nan,1Story,Electric,nan,0.0,0.0
2.0,124.0,1956.0,491732,,1.0,nan,nan,GasA,Attchd,,1.0
,,2016.0,403827,2.0,1.0,nan,2Story,GasA,nan,0.0,0.0
3.0,89.0,2014.0,112061,2.0,2.0,Pave,1Story,GasA,Attchd,,0.0
5.0,143.0,1985.0,285497,4.0,1.0,nan,1Story,GasW,Detchd,0.0,
3.0,91.0,1974.0,131257,,1.5,Pave,nan,GasA,Attchd,1.0,
4.0,,1986.0,111753,4.0,2.0,Grvl,1Story,GasA,Detchd,0.0,0.0
5.0,97.0,1950.0,396918,1.0,1.5,Pave,Twnhs,GasA,nan,0.0,0.0
4.0,95.0,1964.0,454303,1.0,1.0,nan,1Story,GasW,BuiltIn,0.0,1.0
4.0,173.0,1986.0,474032,3.0,1.5,nan,nan,GasW,Detchd,0.0,0.0
3.0,125.0,1962.0,73408,2.0,1.5,Pave,nan,GasW,Attchd,0.0,0.0
3.0,164.0,1957.0,174116,1.0,1.5,Pave,2Story,nan,nan,0.0,1.0
,144.0,1954.0,181208,3.0,2.0,Pave,1Story,nan,BuiltIn,,1.0
5.0,61.0,2009.0,67413,,2.0,nan,1Story,GasA,BuiltIn,1.0,1.0
,134.0,2022.0,163650,2.0,1.5,Grvl,2Story,GasW,BuiltIn,0.0,0.0
2.0,126.0,1950.0,109500,3.0,2.5,Pave,2Story,GasW,BuiltIn,0.0,0.0
5.0,114.0,1985.0,396658,3.0,1.0,Pave,1Story,Electric,Detchd,0.0,0.0
,65.0,1984.0,106358,2.0,1.5,Grvl,1Story,GasA,BuiltIn,0.0,0.0
3.0,145.0,2015.0,116197,3.0,2.5,Pave,2Story,GasW,Detchd,1.0,0.0
2.0,119.0,2012.0,273861,2.0,1.5,nan,2Story,GasA,nan,0.0,0.0
5.0,160.0,1972.0,273492,2.0,,Pave,1Story,Electric,nan,1.0,1.0
4.0,71.0,1958.0,311545,3.0,1.5,nan,1Story,GasA,Attchd,0.0,0.0
5.0,108.0,1983.0,476070,2.0,2.0,Pave,nan,GasA,Attchd,0.0,0.0
2.0,101.0,1995.0,126240,,1.5,Grvl,2Story,GasA,Attchd,0.0,0.0
5.0,141.0,1953.0,285595,2.0,1.5,Pave,Split,GasA,Attchd,0.0,0.0
3.0,94.0,1979.0,271135,3.0,1.5,nan,2Story,GasW,Detchd,0.0,0.0
3.0,193.0,2021.0,328466,3.0,2.0,nan,1Story,GasA,nan,,1.0
3.0,126.0,1952.0,425197,2.0,2.0,nan,1Story,GasA,Attchd,,0.0
5.0,,1963.0,56968,1.0,,nan,1Story,nan,Detchd,0.0,
4.0,66.0,2009.0,339662,3.0,1.5,Grvl,Twnhs,GasA,nan,0.0,0.0
4.0,73.0,1994.0,364069,4.0,1.0,nan,2Story,GasW,nan,0.0,1.0
3.0,132.0,1983.0,240920,4.0,1.5,nan,1Story,GasA,Detchd,0.0,1.0
6.0,125.0,1994.0,424044,3.0,2.0,Pave,nan,GasA,BuiltIn,0.0,
3.0,150.0,2010.0,405566,4.0,2.5,nan,1Story,Electric,Detchd,0.0,1.0
5.0,189.0,1965.0,313844,3.0,1.5,Grvl,nan,GasW,Attchd,0.0,1.0
3.0,79.0,2015.0,405926,3.0,2.0,Pave,nan,GasA,Attchd,0.0,0.0
3.0,69.0,1989.0,282076,3.0,1.5,Pave,1Story,nan,Attchd,0.0,
4.0,84.0,1966.0,73199,3.0,2.0,Pave,1Story,nan,Attchd,0.0,0.0
3.0,84.0,1983.0,487805,4.0,2.5,nan,2Story,nan,nan,0.0,0.0
5.0,113.0,1965.0,213187,3.0,1.5,Pave,2Story,GasA,BuiltIn,0.0,0.0
4.0,92.0,2009.0,235388,4.0,1.5,Pave,2Story,GasA,Detchd,0.0,1.0
3.0,154.0,2015.0,55520,3.0,,Pave,nan,GasW,Detchd,0.0,
6.0,73.0,2015.0,159814,2.0,2.5,nan,Split,GasW,Attchd,0.0,0.0
3.0,124.0,1962.0,217527,1.0,2.0,nan,1Story,GasA,BuiltIn,0.0,0.0
4.0,169.0,2005.0,296356,3.0,2.0,Grvl,1Story,GasW,nan,0.0,
,139.0,1980.0,173364,3.0,1.5,Pave,2Story,GasA,Attchd,1.0,
4.0,113.0,1983.0,484821,4.0,2.0,Pave,1Story,GasA,Attchd,0.0,0.0
2.0,184.0,1988.0,64955,2.0,2.5,nan,Split,GasA,Detchd,0.0,1.0
,190.0,2016.0,225121,4.0,2.0,Grvl,1Story,GasW,Detchd,0.0,0.0
4.0,193.0,1957.0,194989,4.0,1.5,Grvl,1Story,GasA,Detchd,0.0,0.0
3.0,84.0,2004.0,300144,2.0,1.5,Pave,1Story,Electric,Detchd,,
2.0,176.0,1976.0,114925,4.0,1.5,nan,Split,GasW,Detchd,,
5.0,,2002.0,419360,,1.0,nan,1Story,GasW,Attchd,1.0,1.0
4.0,84.0,1988.0,120269,3.0,1.0,Pave,Split,nan,Attchd,,
4.0,138.0,2014.0,474170,4.0,1.5,Pave,2Story,GasW,Detchd,0.0,0.0
6.0,127.0,1966.0,353602,,1.0,Grvl,Split,nan,nan,0.0,0.0
5.0,71.0,1979.0,401181,3.0,1.0,nan,2Story,GasA,nan,1.0,1.0
3.0,91.0,2002.0,202185,2.0,2.0,nan,1Story,GasA,nan,,
3.0,187.0,1962.0,149977,4.0,1.0,nan,Split,GasA,BuiltIn,0.0,0.0
3.0,155.0,1970.0,356083,3.0,1.0,nan,1Story,GasA,Detchd,0.0,0.0
5.0,151.0,1968.0,79345,3.0,1.5,Pave,2Story,Electric,Detchd,1.0,
2.0,,2002.0,305688,2.0,1.5,nan,1Story,GasA,nan,0.0,0.0
4.0,,1968.0,489529,4.0,2.0,nan,Split,GasW,Attchd,0.0,0.0
5.0,79.0,2006.0,422251,2.0,1.0,Pave,nan,GasW,Detchd,0.0,
6.0,119.0,1974.0,434010,,2.0,nan,2Story,GasW,Detchd,0.0,0.0
3.0,193.0,1980.0,311798,2.0,,Pave,2Story,GasA,Detchd,0.0,
5.0,,2004.0,381310,2.0,2.0,Grvl,Split,GasW,Attchd,0.0,
2.0,102.0,1972.0,228933,3.0,2.0,nan,1Story,GasA,Detchd,0.0,0.0
5.0,189.0,1981.0,147406,1.0,2.5,nan,nan,GasA,BuiltIn,0.0,0.0
2.0,119.0,2011.0,361442,3.0,2.0,nan,1Story,GasW,Detchd,0.0,1.0
3.0,90.0,1959.0,490437,,1.0,Pave,nan,GasW,BuiltIn,0.0,0.0
5.0,64.0,2021.0,357086,4.0,1.5,nan,Split,GasA,Attchd,1.0,0.0
2.0,69.0,2003.0,53453,2.0,2.5,nan,Split,Electric,nan,0.0,0.0
3.0,148.0,2001.0,152811,2.0,1.5,Grvl,2Story,GasA,Detchd,0.0,1.0
5.0,189.0,1969.0,104935,4.0,1.0,nan,2Story,GasA,Detchd,,1.0
5.0,185.0,1981.0,434583,,2.0,nan,2Story,GasA,Attchd,,1.0
4.0,,,224442,3.0,2.5,Pave,1Story,GasW,Attchd,0.0,1.0
4.0,115.0,1999.0,320472,3.0,1.0,nan,2Story,GasW,Detchd,1.0,0.0
4.0,142.0,1977.0,65534,2.0,2.0,Pave,2Story,GasA,Detchd,,1.0
3.0,196.0,2002.0,397424,4.0,1.0,Pave,nan,GasA,Detchd,,1.0
3.0,158.0,1973.0,86320,3.0,2.0,Grvl,2Story,GasW,Attchd,,1.0
3.0,132.0,1971.0,99170,2.0,1.5,nan,1Story,GasA,nan,0.0,0.0
,,1979.0,150546,2.0,1.5,Pave,1Story,GasA,BuiltIn,0.0,0.0
4.0,66.0,2012.0,130201,4.0,2.5,nan,2Story,GasW,Attchd,0.0,1.0
3.0,139.0,1953.0,284473,1.0,1.5,Pave,1Story,GasA,Detchd,0.0,0.0
4.0,156.0,2008.0,320784,2.0,2.0,nan,1Story,Electric,nan,0.0,0.0
,,1957.0,281324,3.0,1.5,nan,Twnhs,GasA,Detchd,0.0,1.0
3.0,63.0,1961.0,211121,2.0,1.5,nan,2Story,GasW,Attchd,0.0,0.0
4.0,162.0,,448834,2.0,2.0,Pave,2Story,GasA,Detchd,0.0,1.0
4.0,99.0,1983.0,283612,4.0,1.0,nan,1Story,Electric,Attchd,0.0,0.0
4.0,76.0,1998.0,237125,4.0,1.5,nan,Split,GasA,Attchd,0.0,1.0
2.0,160.0,2006.0,445136,4.0,1.5,nan,1Story,GasW,Attchd,0.0,
6.0,162.0,1975.0,356081,4.0,2.0,Grvl,Split,GasW,Detchd,0.0,1.0
,183.0,,250796,3.0,,nan,1Story,GasA,Attchd,0.0,0.0
4.0,111.0,1987.0,193279,4.0,,Pave,nan,GasA,nan,0.0,
4.0,111.0,1999.0,246846,3.0,1.5,nan,2Story,GasW,Attchd,0.0,1.0
,183.0,1957.0,214044,3.0,1.5,nan,2Story,nan,Attchd,0.0,0.0
5.0,122.0,,454015,,1.5,Pave,2Story,GasA,Detchd,1.0,0.0
3.0,175.0,1955.0,252160,2.0,2.5,Grvl,2Story,GasA,Attchd,0.0,0.0
4.0,121.0,2018.0,472132,3.0,1.5,Pave,1Story,Electric,Detchd,0.0,1.0
4.0,66.0,1993.0,120463,3.0,,nan,Split,GasA,Attchd,0.0,1.0
3.0,,2013.0,143500,2.0,1.5,nan,1Story,nan,Attchd,,0.0
5.0,,1978.0,257772,2.0,,Grvl,nan,GasW,Attchd,0.0,0.0
,145.0,1977.0,87158,4.0,2.5,Grvl,Twnhs,GasW,Detchd,1.0,0.0
,192.0,1960.0,134607,,2.5,Pave,1Story,GasA,Attchd,0.0,1.0
4.0,189.0,2014.0,431783,3.0,1.5,Grvl,Twnhs,GasA,BuiltIn,0.0,0.0
2.0,121.0,1968.0,295017,2.0,1.0,Pave,1Story,GasW,Detchd,0.0,0.0
,138.0,1958.0,383840,2.0,1.5,nan,1Story,nan,Detchd,,0.0
5.0,197.0,1976.0,373654,4.0,1.5,Pave,nan,nan,Detchd,0.0,0.0
2.0,117.0,1983.0,170076,3.0,1.0,nan,2Story,GasA,Detchd,0.0,1.0
,179.0,,108692,2.0,2.0,nan,2Story,GasA,nan,0.0,1.0
6.0,192.0,2017.0,180841,3.0,1.5,Grvl,1Story,GasA,Attchd,0.0,1.0
4.0,124.0,1964.0,242816,2.0,2.0,nan,1Story,Electric,Attchd,0.0,0.0
4.0,72.0,2000.0,327954,3.0,2.0,nan,nan,GasA,Attchd,0.0,1.0
3.0,141.0,1962.0,448342,4.0,1.0,Grvl,1Story,GasA,Attchd,0.0,0.0
2.0,198.0,1998.0,211081,3.0,,Pave,1Story,GasA,Attchd,0.0,0.0
3.0,111.0,2019.0,161718,3.0,1.0,Grvl,2Story,GasA,Detchd,,0.0
5.0,,2005.0,403076,3.0,1.5,Pave,2Story,nan,Detchd,0.0,0.0
2.0,85.0,2000.0,50192,3.0,1.5,Pave,2Story,GasW,nan,0.0,1.0
3.0,93.0,1986.0,297536,3.0,2.5,Grvl,1Story,GasA,Attchd,1.0,0.0
3.0,111.0,1966.0,86413,2.0,1.0,Pave,1Story,GasA,Attchd,1.0,
4.0,171.0,2007.0,193888,3.0,1.5,Pave,1Story,GasA,nan,0.0,0.0
,141.0,1978.0,89082,2.0,2.0,Pave,nan,GasA,nan,0.0,0.0
3.0,101.0,1982.0,377192,4.0,1.5,Pave,1Story,GasA,Detchd,1.0,0.0
3.0,80.0,2009.0,173130,3.0,2.0,Pave,Split,GasW,Detchd,0.0,0.0
5.0,101.0,2004.0,100940,,,nan,Split,GasA,nan,0.0,1.0
4.0,172.0,1959.0,213202,2.0,,Pave,Twnhs,GasA,Detchd,1.0,0.0
3.0,164.0,1996.0,90142,4.0,1.0,nan,nan,GasA,Attchd,0.0,1.0
4.0,76.0,1972.0,86468,3.0,1.5,Pave,1Story,GasW,nan,0.0,0.0
2.0,179.0,1970.0,473914,4.0,1.5,nan,1Story,GasW,Detchd,,0.0
3.0,196.0,1962.0,191727,2.0,1.5,Pave,2Story,GasW,Attchd,0.0,0.0
4.0,188.0,1982.0,228969,3.0,1.5,nan,1Story,GasW,Detchd,0.0,0.0
3.0,189.0,,473291,4.0,1.5,nan,Split,GasW,Detchd,0.0,0.0
,119.0,1960.0,452575,2.0,,Pave,2Story,GasA,nan,0.0,0.0
3.0,107.0,1966.0,441192,2.0,,nan,nan,nan,Attchd,0.0,0.0
4.0,88.0,2017.0,286187,3.0,1.0,nan,1Story,GasA,nan,,0.0
4.0,156.0,1996.0,92056,3.0,1.5,Pave,nan,GasA,Detchd,0.0,
2.0,69.0,1974.0,101831,2.0,1.5,nan,1Story,GasW,Detchd,,1.0
4.0,117.0,2022.0,371335,2.0,1.5,nan,2Story,GasA,Attchd,0.0,0.0
3.0,80.0,1970.0,299664,2.0,2.0,Grvl,2Story,nan,BuiltIn,0.0,1.0
,87.0,1961.0,434092,4.0,2.0,Grvl,Split,GasA,nan,0.0,1.0
2.0,93.0,1986.0,476488,3.0,2.5,nan,2Story,Electric,Attchd,0.0,
3.0,67.0,1991.0,158117,4.0,2.0,nan,nan,Electric,Attchd,0.0,
2.0,138.0,1966.0,326815,,2.0,nan,nan,nan,Detchd,,1.0
,146.0,1997.0,339192,3.0,2.0,nan,nan,nan,BuiltIn,0.0,1.0
4.0,147.0,1977.0,338107,2.0,1.5,Pave,1Story,Electric,Attchd,,1.0
4.0,128.0,1990.0,93954,1.0,2.0,nan,nan,GasW,Detchd,,0.0
2.0,146.0,1996.0,283192,2.0,1.5,Pave,Split,GasA,Detchd,,1.0
5.0,160.0,1967.0,407574,,1.0,Pave,1Story,GasA,Attchd,0.0,1.0
3.0,67.0,2020.0,50717,3.0,1.5,nan,1Story,GasW,Detchd,0.0,1.0
6.0,136.0,1962.0,323820,2.0,1.5,nan,1Story,nan,Attchd,0.0,0.0
3.0,,1962.0,447650,3.0,,Pave,1Story,GasW,BuiltIn,0.0,
3.0,102.0,1980.0,230882,3.0,1.5,nan,2Story,nan,Detchd,0.0,1.0
2.0,188.0,1951.0,168696,3.0,1.5,Grvl,nan,Electric,Detchd,0.0,0.0
4.0,168.0,1965.0,442974,2.0,1.5,Grvl,2Story,GasA,Attchd,0.0,1.0
4.0,76.0,1958.0,54994,,2.0,nan,2Story,GasA,Attchd,,0.0
2.0,192.0,2022.0,316378,3.0,1.0,Grvl,nan,GasA,nan,,0.0
5.0,80.0,1987.0,119300,2.0,,Pave,1Story,GasA,Detchd,0.0,1.0
4.0,117.0,2003.0,356093,4.0,2.5,Pave,nan,GasW,Detchd,0.0,1.0
4.0,169.0,2005.0,87405,2.0,2.0,nan,2Story,nan,Detchd,0.0,0.0
3.0,198.0,1994.0,347016,,2.0,Pave,2Story,GasW,Detchd,0.0,1.0
3.0,194.0,,354359,,1.0,Grvl,1Story,GasA,Attchd,0.0,0.0
4.0,87.0,1958.0,73185,3.0,1.5,nan,2Story,GasA,Attchd,0.0,0.0
3.0,110.0,,224514,4.0,2.0,Grvl,1Story,GasA,Attchd,0.0,1.0
3.0,64.0,1956.0,494975,2.0,1.0,Pave,Split,GasW,BuiltIn,0.0,0.0
6.0,64.0,1985.0,353297,,1.5,nan,1Story,GasA,Attchd,0.0,0.0
,153.0,1967.0,389679,3.0,2.0,Grvl,nan,GasA,Attchd,0.0,0.0
3.0,155.0,1952.0,183653,3.0,1.5,nan,1Story,GasA,BuiltIn,,1.0
3.0,67.0,1977.0,101717,,,Pave,1Story,GasA,Attchd,1.0,0.0
4.0,123.0,2019.0,52763,,1.0,Grvl,2Story,nan,Detchd,0.0,0.0
3.0,197.0,1993.0,405054,4.0,2.0,Grvl,1Story,GasA,Attchd,0.0,0.0
2.0,97.0,1970.0,105480,2.0,2.0,Grvl,Split,GasA,Attchd,1.0,0.0
3.0,170.0,1977.0,219831,,2.0,nan,nan,GasA,Detchd,0.0,1.0
5.0,171.0,2003.0,257139,3.0,1.5,Pave,Split,GasA,Attchd,0.0,0.0
4.0,140.0,2003.0,168094,,2.0,Pave,1Story,GasW,nan,0.0,0.0
2.0,195.0,2014.0,206379,3.0,2.5,nan,2Story,GasW,Detchd,0.0,0.0
3.0,163.0,1970.0,277443,2.0,1.5,nan,2Story,GasA,Attchd,0.0,0.0
3.0,132.0,1962.0,61064,3.0,1.5,Grvl,Twnhs,GasW,Attchd,0.0,1.0
4.0,108.0,2006.0,126848,3.0,2.0,Pave,1Story,GasA,Detchd,0.0,0.0
2.0,95.0,1998.0,87548,4.0,2.0,Pave,2Story,GasW,Attchd,0.0,
2.0,185.0,2003.0,218017,2.0,1.5,Pave,2Story,GasA,Attchd,1.0,0.0
5.0,127.0,1959.0,491153,3.0,,Pave,1Story,GasA,Detchd,0.0,0.0
3.0,137.0,2002.0,318620,2.0,1.5,nan,1Story,GasW,nan,,0.0
4.0,164.0,1993.0,494972,4.0,1.5,nan,2Story,Electric,Detchd,0.0,
3.0,181.0,1996.0,402245,3.0,2.0,Pave,Twnhs,GasW,BuiltIn,,
2.0,178.0,2002.0,52382,2.0,2.0,Grvl,nan,GasA,nan,0.0,0.0
3.0,173.0,1995.0,492899,2.0,2.5,Pave,2Story,GasA,Attchd,,1.0
5.0,69.0,1962.0,226348,2.0,,Grvl,1Story,nan,nan,0.0,
6.0,199.0,1986.0,476618,3.0,1.5,Pave,1Story,GasA,BuiltIn,0.0,0.0
5.0,150.0,1973.0,470162,2.0,1.0,nan,nan,GasA,Attchd,,0.0
3.0,61.0,1951.0,129698,2.0,1.0,nan,nan,GasA,nan,0.0,0.0
4.0,177.0,1963.0,295762,,2.0,nan,nan,GasA,Attchd,0.0,0.0
3.0,72.0,1959.0,293381,4.0,2.5,nan,Split,GasA,Attchd,0.0,1.0
3.0,154.0,1984.0,465551,3.0,1.5,Grvl,1Story,GasA,BuiltIn,0.0,0.0
6.0,91.0,,95095,,1.0,nan,Twnhs,GasA,Detchd,0.0,0.0
2.0,91.0,1952.0,442118,1.0,1.0,Pave,2Story,nan,Attchd,0.0,0.0
2.0,183.0,1966.0,339341,3.0,2.5,Grvl,1Story,GasA,Attchd,,1.0
3.0,70.0,1961.0,439763,3.0,1.5,nan,Split,GasA,BuiltIn,1.0,0.0
2.0,69.0,2003.0,72010,3.0,1.5,Pave,1Story,GasW,BuiltIn,,1.0
3.0,74.0,,467339,3.0,2.0,nan,1Story,GasW,Detchd,,0.0
4.0,76.0,1978.0,400067,3.0,2.5,Grvl,2Story,GasA,nan,1.0,0.0
3.0,118.0,1992.0,183962,3.0,2.0,nan,2Story,Electric,Attchd,0.0,
6.0,,1974.0,442670,3.0,2.0,nan,nan,GasA,Attchd,0.0,0.0
5.0,183.0,2009.0,159162,2.0,1.0,nan,1Story,Electric,Detchd,0.0,0.0
3.0,173.0,2014.0,433071,2.0,2.0,nan,1Story,GasA,BuiltIn,0.0,0.0
3.0,81.0,1977.0,320170,2.0,2.0,Grvl,1Story,GasA,Attchd,0.0,0.0
3.0,91.0,1965.0,377069,2.0,,nan,1Story,Electric,Attchd,0.0,1.0
4.0,172.0,1996.0,118842,3.0,1.5,nan,1Story,GasW,nan,1.0,
3.0,179.0,2007.0,345809,2.0,1.0,nan,2Story,GasA,nan,0.0,0.0
4.0,181.0,1976.0,321421,4.0,1.0,nan,2Story,GasA,Detchd,1.0,1.0
3.0,91.0,2002.0,223311,2.0,1.5,nan,Split,GasA,Attchd,0.0,1.0
4.0,,1991.0,490880,2.0,2.5,nan,nan,GasW,nan,0.0,0.0
3.0,98.0,2008.0,360152,3.0,1.0,nan,2Story,GasA,nan,0.0,1.0
3.0,71.0,1996.0,326827,1.0,1.5,nan,1Story,GasA,Detchd,,1.0
,77.0,1983.0,181742,3.0,1.5,nan,1Story,GasA,nan,0.0,0.0
5.0,185.0,1986.0,270283,3.0,1.0,Pave,nan,GasW,nan,0.0,
2.0,195.0,1955.0,198961,2.0,1.5,Grvl,2Story,Electric,nan,0.0,0.0
6.0,105.0,1956.0,498828,1.0,1.5,Grvl,Twnhs,GasW,nan,,1.0
4.0,163.0,,225607,3.0,1.5,Pave,nan,GasA,Detchd,0.0,1.0
6.0,,,390686,2.0,2.0,Pave,nan,nan,Detchd,0.0,0.0
5.0,145.0,2004.0,366463,2.0,2.0,nan,nan,GasW,Detchd,,1.0
3.0,148.0,,295144,2.0,1.0,Pave,2Story,Electric,Detchd,0.0,0.0
2.0,81.0,1956.0,404211,2.0,,Grvl,1Story,GasA,BuiltIn,1.0,1.0
3.0,151.0,2006.0,202711,3.0,2.0,nan,nan,GasA,nan,0.0,
4.0,88.0,1961.0,245784,3.0,2.0,nan,2Story,GasW,Detchd,,0.0
4.0,72.0,1965.0,459849,3.0,1.0,nan,1Story,GasA,Detchd,0.0,1.0
3.0,61.0,1992.0,302217,2.0,1.0,nan,2Story,GasW,Detchd,0.0,
2.0,88.0,1956.0,477876,2.0,1.0,nan,2Story,Electric,Detchd,0.0,1.0
5.0,86.0,2000.0,381119,4.0,1.0,Pave,nan,Electric,Detchd,0.0,0.0
,109.0,2022.0,213244,3.0,1.5,nan,2Story,nan,Attchd,0.0,0.0
4.0,154.0,1981.0,151158,4.0,,nan,1Story,GasW,Detchd,0.0,0.0
3.0,147.0,1957.0,323721,3.0,1.5,Grvl,nan,GasA,Attchd,0.0,0.0
3.0,103.0,2021.0,389443,3.0,1.5,Pave,Twnhs,GasA,Attchd,0.0,0.0
2.0,81.0,1994.0,332320,3.0,2.0,nan,2Story,GasA,BuiltIn,0.0,1.0
,156.0,2008.0,487602,2.0,1.0,Pave,1Story,GasW,Attchd,0.0,1.0
2.0,62.0,1953.0,113972,3.0,2.0,nan,1Story,GasA,Attchd,0.0,0.0
4.0,177.0,2016.0,432162,3.0,2.0,Pave,2Story,GasA,Attchd,1.0,0.0
3.0,78.0,1978.0,484219,2.0,2.0,nan,1Story,GasW,Attchd,0.0,1.0
4.0,82.0,1978.0,332140,2.0,,nan,1Story,GasW,BuiltIn,1.0,1.0
4.0,,1977.0,150922,4.0,1.5,Pave,Split,nan,Detchd,1.0,
5.0,,1993.0,398742,,2.0,Grvl,2Story,GasW,nan,1.0,
3.0,167.0,1953.0,85931,3.0,,nan,2Story,GasW,Attchd,0.0,0.0
2.0,170.0,1958.0,174168,2.0,2.0,nan,1Story,GasW,Attchd,0.0,0.0
2.0,84.0,1954.0,216782,2.0,1.5,nan,2Story,nan,Attchd,0.0,0.0
,187.0,2005.0,173099,3.0,,Grvl,Split,GasW,BuiltIn,,1.0
6.0,170.0,1999.0,84693,2.0,1.0,nan,1Story,Electric,Detchd,0.0,1.0
4.0,195.0,1964.0,478956,,,Grvl,1Story,nan,nan,0.0,1.0
4.0,165.0,1981.0,158944,2.0,1.0,Grvl,2Story,nan,Detchd,,0.0
4.0,131.0,1977.0,274655,3.0,2.0,Pave,nan,GasA,Detchd,0.0,0.0
3.0,188.0,1971.0,257574,3.0,2.5,nan,2Story,GasA,BuiltIn,0.0,0.0
,167.0,1966.0,329518,4.0,1.5,Grvl,1Story,GasA,nan,1.0,1.0
3.0,,2008.0,297572,3.0,1.5,Pave,1Story,GasA,Attchd,0.0,0.0
3.0,62.0,2020.0,393615,3.0,1.5,nan,nan,GasA,Attchd,0.0,0.0
4.0,191.0,2006.0,95913,,,nan,1Story,GasA,Detchd,0.0,
2.0,163.0,1975.0,435827,1.0,2.5,Grvl,2Story,GasA,Detchd,0.0,1.0
3.0,123.0,1974.0,247097,4.0,2.0,Pave,2Story,GasW,nan,0.0,0.0
5.0,165.0,1959.0,356660,2.0,2.0,Grvl,1Story,GasW,Detchd,0.0,1.0
2.0,157.0,1994.0,137796,4.0,2.5,Grvl,Twnhs,GasA,Attchd,,0.0
4.0,69.0,1960.0,338213,3.0,1.5,nan,Split,GasW,nan,1.0,0.0
3.0,187.0,2002.0,430477,2.0,1.5,Grvl,2Story,GasW,nan,0.0,1.0
3.0,105.0,2021.0,499449,4.0,2.0,nan,1Story,GasW,Attchd,0.0,0.0
3.0,125.0,2017.0,134811,1.0,1.5,nan,1Story,nan,nan,0.0,1.0
3.0,171.0,1977.0,240121,2.0,1.0,Pave,2Story,GasA,Attchd,0.0,0.0
5.0,72.0,2014.0,282892,3.0,1.0,nan,2Story,GasA,Attchd,0.0,1.0
3.0,196.0,1998.0,430172,3.0,1.0,Grvl,1Story,GasA,nan,0.0,0.0
4.0,145.0,1996.0,89178,3.0,2.5,Pave,1Story,GasA,Detchd,0.0,
4.0,149.0,2001.0,344965,1.0,1.5,Grvl,1Story,GasW,Attchd,1.0,0.0
4.0,117.0,2003.0,494943,2.0,2.0,Pave,nan,GasA,Attchd,0.0,0.0
,,2009.0,66999,2.0,1.5,Pave,Split,GasA,BuiltIn,,0.0
5.0,71.0,2006.0,350856,2.0,1.5,Grvl,nan,GasA,Attchd,,1.0
3.0,73.0,1996.0,245623,3.0,1.5,nan,1Story,GasA,Detchd,0.0,0.0
2.0,180.0,1980.0,221244,4.0,2.0,nan,nan,GasW,Detchd,0.0,0.0
3.0,,1995.0,345866,,2.0,nan,1Story,GasW,Attchd,0.0,
4.0,79.0,1975.0,322769,4.0,,Pave,2Story,GasA,Detchd,0.0,
2.0,134.0,1954.0,248237,2.0,2.0,nan,Twnhs,GasA,nan,,0.0
4.0,129.0,2001.0,56859,3.0,2.0,nan,1Story,GasA,Detchd,0.0,0.0
4.0,115.0,,484825,2.0,2.0,nan,2Story,GasA,Attchd,0.0,0.0
3.0,160.0,1982.0,486523,2.0,,nan,1Story,Electric,Attchd,,0.0
5.0,191.0,1999.0,160986,3.0,2.0,nan,1Story,GasA,Detchd,,1.0
2.0,170.0,1987.0,282654,2.0,1.0,Grvl,2Story,GasW,nan,0.0,0.0
2.0,184.0,1976.0,333983,2.0,2.0,nan,2Story,Electric,Attchd,1.0,0.0
5.0,191.0,1964.0,339360,,2.0,Pave,Split,GasA,Attchd,0.0,0.0
4.0,79.0,2010.0,365097,3.0,2.0,nan,2Story,GasA,Detchd,0.0,0.0
4.0,197.0,1970.0,99522,3.0,1.5,Pave,2Story,nan,Detchd,0.0,1.0
3.0,83.0,1995.0,280233,1.0,2.5,Pave,1Story,Electric,Attchd,0.0,
3.0,96.0,2018.0,448102,2.0,,Pave,1Story,GasA,nan,0.0,0.0
5.0,113.0,1955.0,423393,4.0,1.5,nan,nan,GasW,Attchd,0.0,0.0
5.0,162.0,1987.0,57485,2.0,2.5,Grvl,1Story,Electric,BuiltIn,0.0,1.0
4.0,97.0,2011.0,474671,3.0,1.0,Grvl,2Story,GasA,Detchd,0.0,1.0
3.0,63.0,2011.0,293056,1.0,1.0,nan,1Story,Electric,Detchd,0.0,0.0
4.0,116.0,1995.0,459983,3.0,1.0,nan,Split,GasA,Attchd,0.0,
3.0,79.0,1962.0,162701,1.0,1.0,Grvl,Split,GasW,BuiltIn,0.0,0.0
2.0,,1952.0,471669,4.0,2.5,Pave,1Story,nan,Attchd,0.0,1.0
,178.0,1955.0,257352,4.0,1.0,nan,1Story,Electric,Attchd,0.0,0.0
2.0,130.0,1957.0,152638,4.0,1.5,nan,2Story,GasA,Detchd,1.0,1.0
,63.0,1993.0,234514,2.0,1.0,nan,1Story,GasA,BuiltIn,0.0,1.0
3.0,73.0,1982.0,495093,4.0,1.5,nan,1Story,GasW,Attchd,0.0,0.0
